group,Filename,Fuelbed_number,Fuelbed_name,Benchmark_ROS,Benchmark_FL,Benchmark_RI,Benchmark_RI_Shrub,Benchmark_RI_Herb,Benchmark_RI_Wood,Benchmark_RI_LLM,Crosswalk13,ROS%13,FL%13,Crosswalk40,ROS%40,FL%40,Custom_ROS,Custom_FL,Custom_RI,Custom_RI_Shrub,Custom_RI_Herb,Custom_RI_Wood,Custom_RI_LLM,Custom_Crosswalk13,Custom_ROS%13,Custom_FL%13,Custom_Crosswalk40,Custom_ROS%40,Custom_FL%40,FCC_Code,Surface_fire_potential,Reaction_potential,Spread_potential,Flamelength_potential,Crown_fire_potential,Crown_initiation_potential,Crown-crown_trans_potential,Crownfire_spread_potential,Available_fuel_potential,Flame_available_potential,Smolder_available_potential,Residual_smolder_potential,Depth_shrub,Depth_herb,Depth_woody,Depth_LLM,Depth_surface_fuels,PercentCover_shrub,PercentCover_herb,PercentCover_woody,PercentCover_LLM,Tree_over_crown_load,Tree_mid_crown_load,Tree_under_crown_load,Tree_aboveground_load,Snag_class1_foliage_load,Snag_class1_wood_load,Snag_class1_other_load,Snag_class2_load,Snag_class3_load,Ladderfuels_load,Shrub_primary_load,Shrub_primary_crown_load,Shrub_secondary_load,Shrub_secondary_crown_load,Shrub_needleDrape_load,Herb_primary_load,Herb_secondary_load,Woody_sound_1hr_load,Woody_sound_10hr_load,Woody_sound_100hr_load,Woody_sound_1000hr_load,Woody_sound_10khr_load,Woody_sound_GT10k_load,Woody_rotten_1000hr_load,Woody_rotten_10k_load,Woody_rotten_GT10k_load,Woody_pile_load,Woody_stumps_sound_load,Woody_stumps_rotten_load,Woody_stumps_lightered_load,LLM_litter_load,LLM_lichen_load,LLM_moss_load,Ground_upperduff_load,Ground_lowerduff_load,Ground_basalaccum_load,Ground_squirrelmid_load,Total_aboveground_biomass,Total_carbon_load,Version
9,fuelbed_17100.xml,17100,"Salt marsh >0 yr old mechanically mowed short shrubland, > 30 yr mFRI",72.1724,15.0441,11136.8916,0,11136.8916,0,0,4,108.2694,84.9947,147,247.1657,130.8179,0,0,0,0,0,0,0,2,0,0,121,0,0,900,9,8.4425,9,7.7573,0,0,0,0,0.4,0.4,0,0,0,3,0,,3,0,100,0,,,,,,,,,,,,,,,,0,4,,0,0,0,0,0,0,0,0,0,,,,,,,,,,,,4,2,3.0.257
8,fuelbed_13141.xml,13141,"Wet flatland 0-10 yr old broadleaf forest, >20 yr mFRI",5.4146,3.7712,4407.1719,2034.236,1893.4481,430.4171,49.0706,9,79.3934,150.8465,189,78.4729,87.7015,0.386,0.6186,1112.1294,1020.3538,91.7755,0,0,8,23.393,61.8628,183,29.6911,68.7365,501,4.6539,5.3109,4.6539,3.8839,0,0,0,0,0.7295,0.5234,0.1779,0.0282,3,1,0.125,0.0083,1.3883,65,25,20,20,,,,,,,,,,,4.5,2.2725,,,0,0.5,,0.3,0.7,0.35,0.5,0,0,0,0,0,,,,,0.05,,,1.6,,,,8.5,2.6913,3.0.257
8,fuelbed_13142.xml,13142,"Wet flatland 11-20 yr old broadleaf forest, >20 yr mFRI",5.601,4.281,5266.8608,2553.3962,1941.1852,703.5806,68.6988,10,74.8801,91.0856,162,61.5498,138.0975,0.4171,0.709,1374.8492,1280.7599,94.0893,0,0,8,25.2786,70.8964,183,32.0844,78.7738,531,4.7333,5.8059,4.7333,4.1381,2.7867,2.2746,8.8547,1.2757,1.2242,0.8359,0.1988,0.1895,4,1,0.1667,0.0083,2.1419,75,21,20,30,15.8693,,,213.6938,,,,,,,6,3.03,,,0,0.5,,0.5,0.9,0.4,0.75,0.88,0.88,0,0,0,,,,,0.07,,,1.6,,,,226.1738,109.9269,3.0.257
8,fuelbed_13143.xml,13143,"Wet flatland 21-40 yr old broadleaf forest, >20 yr mFRI",6.8943,5.1489,6227.0801,3248.9851,1913.882,867.9306,196.2823,10,92.1699,109.552,165,94.4425,78.0143,0.5872,0.9233,1722.4264,1629.6604,92.766,0,0,8,35.5869,92.3329,183,45.168,102.5921,531,5.2514,6.3129,5.2514,4.5383,2.9136,2.4793,8.8547,1.367,1.4436,1.0349,0.2052,0.2036,5,1,0.25,0.0167,3.1211,85,18,20,40,15.8693,,,213.6938,,,,,,,8,4.04,,,0,0.5,,0.7,1,0.45,1,0.88,0.88,0,0,0,,,,,0.2,,,1.6,,,,228.9038,110.4969,3.0.257
8,fuelbed_13144.xml,13144,"Wet flatland 41-60 yr old broadleaf forest, >20 yr mFRI",6.4578,5.0092,6240.501,3499.5571,1452.5432,797.6947,490.7056,10,86.3345,106.5788,165,88.4632,75.897,0.6359,0.9871,1825.75,1755.3451,70.4048,0,0,8,38.5403,98.7093,183,48.9165,109.6769,532,5.0824,6.3197,5.0824,4.4762,2.9114,2.4499,8.8547,1.3915,1.5254,1.0364,0.229,0.26,5,1,0.25,0.0583,1.5944,45,12,20,60,15.8693,,,213.6938,,,,,,,7,3.535,,,0,0.4,,0.75,1.2,0.55,2,0.88,0.88,0,0,0,,,,,0.5,,,1.6,,,,229.4538,110.3444,3.0.257
8,fuelbed_13145.xml,13145,"Wet flatland 60-100 yr old broadleaf forest, >20 yr mFRI",5.778,4.4691,5320.4473,3008.2742,1058.5793,760.8645,492.7294,10,77.2457,95.0873,162,63.4943,144.1647,0.5684,0.8731,1560.2318,1508.9224,51.3094,0,0,8,34.4497,87.3126,183,43.7246,97.0139,531,4.8075,5.8353,4.8075,4.2281,2.8504,2.3313,8.8547,1.3676,1.47,0.9399,0.2419,0.2882,5,1,0.25,0.0833,0.6521,20,10,20,95,15.8693,,,213.6938,,,,,,,5,2.525,,,0,0.3,,0.75,1.41,0.65,2.5,0.88,0.88,0,0,0,,,,,0.7,,,1.6,,,,228.3638,109.8894,3.0.257
8,fuelbed_13146.xml,13146,"Wet flatland >100 yr old broadleaf forest, >20 yr mFRI",5.1941,3.408,3178.5757,1297.1494,681.7398,706.957,492.7294,9,76.1597,136.3203,189,75.2767,79.256,0.2434,0.403,683.6819,650.638,33.044,0,0,8,14.7517,40.3049,181,34.7719,80.6099,531,4.5581,4.5103,4.5581,3.6922,2.6576,2.0721,8.8547,1.1771,1.3103,0.7391,0.2548,0.3164,5,1,0.25,0.1,0.2367,10,7,20,95,15.8693,,,213.6938,,,,,,,2,1.01,,,0,0.2,,0.8,1.41,0.75,3,0.88,0.88,0,0,0,,,,,0.75,,,1.6,,,,225.9638,109.1069,3.0.257
8,fuelbed_15141.xml,15141,"Wet flatland 0-10 yr old all evergreen shrubland, >20 yr mFRI",13.7856,5.9123,4489.8857,3995.9084,0,1.248,492.7295,10,184.2999,125.7929,163,69.2746,93.8455,3.1912,2.1262,2004.3104,2004.3104,0,0,0,9,46.7911,85.0486,183,245.4734,236.2462,701,7.4258,5.3605,7.4258,4.863,0,0,0,0,1.4259,1.3225,0.1034,0,8,0,0.0333,0.15,5.5041,75,0,15,60,0.7229,,,0.0797,,,,,,,12,6.168,,,0,0,,0.49,0.18,0.17,0,0,0,0,0,0,,,,,2.5,,,1,,,,16.4197,5.1739,3.0.257
8,fuelbed_15142.xml,15142,"Wet flatland 11-20 yr old all evergreen shrubland, >20 yr mFRI",4.148,2.1613,1800.9464,1305.8394,0,2.3776,492.7295,9,60.8207,86.4527,183,319.0747,240.1464,0.536,0.5595,654.9969,654.9969,0,0,0,8,32.4831,55.9451,183,41.2285,62.1613,401,4.0733,3.395,4.0733,2.9403,0,0,0,0,0.7668,0.66,0.1068,0,6,0,0.0667,0.0833,2.7224,70,0,15,20,0.1536,,,0.2751,,,,,,,4,2.056,,,0,0,,0.99,0.35,0.34,0,0,0,0,0,0,,,,,1.8,,,1,,,,8.7551,2.8656,3.0.257
8,fuelbed_15143.xml,15143,"Wet flatland 21-40 yr old all evergreen shrubland, >20 yr mFRI",8.9857,3.8415,2778.0876,2282.688,0,2.6701,492.7295,9,131.7553,153.6598,146,48.3103,46.8475,1.5734,1.1871,1144.975,1144.975,0,0,0,8,95.3547,118.7063,187,68.4066,65.9479,631,5.9952,4.2166,5.9952,3.9199,3.0253,7.0585,0,0,1.2339,1.0359,0.1295,0.0685,7,0,0.125,0.1083,3.0469,75,0,15,40,0.3615,,,0.0372,,,,,,,6,3.084,,,0,0,,1.98,0.71,0.69,0.5,0.25,0.25,0,0,0,,,,,2,,,1,,,,13.4172,3.3606,3.0.257
8,fuelbed_15144.xml,15144,"Wet flatland 41-60 yr old all evergreen shrubland, >20 yr mFRI",13.0756,8.5031,10156.2334,9658.1279,0,5.376,492.7295,13,92.1465,89.5067,203,63.7834,107.6346,3.6287,3.3852,4844.4263,4844.4263,0,0,0,9,53.2071,135.4085,189,52.5902,78.7259,733,7.232,8.0623,7.232,5.832,3.4713,8.0992,0,0,3.0084,2.7125,0.1589,0.1371,8,0,0.25,0.1667,4.1892,75,0,15,95,1.8073,,,0.5069,,,,,,,20,10.28,,,0,0,,3.96,1.41,1.37,1,0.5,0.5,0,0,0,,,,,3,,,1,,,,33.2469,7.6935,3.0.257
8,fuelbed_15145.xml,15145,"Wet flatland 61-100 yr old all evergreen shrubland, >20 yr mFRI",13.2582,8.2933,9500.0361,9001.9795,0,5.3274,492.7295,13,93.4332,87.2978,202,116.2997,156.4772,3.6615,3.291,4515.3086,4515.3086,0,0,0,9,53.688,131.64,189,53.0655,76.5349,733,7.2824,7.7975,7.2824,5.7596,2.6085,6.0861,0,0,3.2584,2.794,0.1903,0.2741,10,0,0.25,0.1667,5.2336,75,0,15,95,1.8073,,,1.1627,,,,,,,20,10.28,,,0,0,,3.96,1.41,1.37,2,1,1,0,0,0,,,,,3.5,,,1,,,,36.4027,8.2713,3.0.257
8,fuelbed_15146.xml,15146,"Wet flatland >100 yr old all evergreen shrubland, >20 yr mFRI",13.2582,8.2933,9500.0361,9001.9795,0,5.3274,492.7295,13,93.4332,87.2978,202,116.2997,156.4772,3.6615,3.291,4515.3086,4515.3086,0,0,0,9,53.688,131.64,189,53.0655,76.5349,733,7.2824,7.7975,7.2824,5.7596,2.6085,6.0861,0,0,3.2884,2.824,0.1903,0.2741,10,0,0.25,0.1667,5.2336,75,0,15,95,1.8073,,,1.1627,,,,,,,20,10.28,,,0,0,,3.96,1.41,1.37,2,1,1,0,0,0,,,,,3.8,,,1,,,,36.7027,8.4213,3.0.257
8,fuelbed_16100.xml,16100,"Wet flatland >0 yr old short shrubland, >20 yr mFRI",2.8904,3.068,5514.543,2914.9934,1941.7135,249.9032,407.9324,9,42.3813,122.7198,189,41.8899,71.3487,0.1801,0.511,1556.2483,1462.1333,94.1149,0,0,8,10.916,51.0951,183,13.8549,56.7724,401,3.5031,5.9408,3.4002,3.5031,0,0,0,0,0.9338,0.7698,0.164,0,5,1,0.0167,0.0417,3.5765,85,10,20,50,,,,,,,,,,,8,4.04,,,0,0.5,,0.2,0.2,0.2,0,0,0,0,0,0,,,,,0.78,,,1.6,,,,11.48,3.94,3.0.257
8,fuelbed_16900.xml,16900,"Wet flatland >0 yr old broadleaf forest, >20 yr mFRI",2.3118,1.4956,1129.8201,629.5798,36.6811,231.0793,232.4798,8,140.1107,149.5571,161,100.5142,93.4732,0.1055,0.1951,319.4059,317.628,1.7779,0,0,8,6.3958,19.514,181,15.0759,39.028,300,3.0409,2.689,3.0409,2.4459,0,0,0,0,0.3802,0.2102,0.17,0,10,1.5,0.0417,0.0417,0.7003,10,15,20,95,,,,,,,,,,,1.46,0.7373,,,0,0.01,,0.2,0.2,0.5,0,0,0,0,0,0,,,,,0.26,,,1.6,,,,4.23,1.7837,3.0.257
7,fuelbed_11131.xml,11131,"Wet flatland 0-10 yr old longleaf pine forest, 9-20 yr mFRI",5.0535,3.4335,4801.9946,2251.6421,2255.658,55.5993,239.0955,9,74.0979,137.3408,189,73.2388,79.8493,1.5481,1.7139,3116.1001,2020.9961,1095.1039,0,0,8,93.8251,171.3923,188,33.6547,57.1308,401,4.496,5.5437,4.496,3.706,0,0,0,0,0.5645,0.5366,0.0101,0.0178,4,1,0.05,0.0333,0.6916,20,45,15,20,,,,,,,,,,,4,2.3,,,0,0.6,,0.1,0.11,0.2,0.3,0,0,0,0,0,,,,,1,,,,,,,6.31,1.95,3.0.257
7,fuelbed_11132.xml,11132,"Wet flatland 11-20 yr old longleaf pine forest, 9-20 yr mFRI",6.7476,4.6056,6357.0791,3279.0552,2516.9946,175.9541,385.075,10,90.2089,97.9914,162,74.1497,148.5676,2.1606,2.3231,4165.1475,2943.1665,1221.9808,0,0,9,31.6797,92.9234,185,63.5457,122.2676,541,5.1952,6.3785,5.1952,4.2921,4.0837,4.4619,5.8419,3.1188,1.3117,1.1698,0.0301,0.1117,6,1,0.0917,0.0417,2.0029,40,35,15,40,1.7982,,,0.6141,,,,,,,7,4.025,,,0,0.6,,0.2,0.22,0.4,0.8,0.38,0.38,0,0,0,,,,,1.75,,,,,,,12.3441,3.4945,3.0.257
7,fuelbed_11133.xml,11133,"Wet flatland 21-40 yr old longleaf pine forest, 9-20 yr mFRI",6.575,4.9077,6812.7163,3283.189,2324.4851,593.1643,611.8783,10,87.9008,104.4185,165,90.0682,74.3586,1.9504,2.2047,4075.3962,2946.8772,1128.519,0,0,9,28.5978,88.1878,185,57.3638,116.0366,542,5.1283,6.6031,5.1283,4.4307,4.1565,3.0262,8.1225,3.9641,2.1753,1.8981,0.0909,0.1862,6,1,0.1917,0.0667,3.3741,70,25,15,60,4.7202,,1.0863,15.7391,,,,,,,8,4.6,,,0,0.5,,0.5,0.45,0.45,1,0.75,0.75,0,0,0,,,,,2,,,0.5,,,,30.6391,11.8196,3.0.257
7,fuelbed_11134.xml,11134,"Wet flatland 41-60 yr old longleaf pine forest, 9-20 yr mFRI",8.1244,5.5585,7034.1494,3355.3782,2325.2493,741.6436,611.8783,10,108.6152,118.2667,165,111.2934,84.2203,2.6083,2.5417,4140.5615,3011.6714,1128.8899,0,0,9,38.245,101.6683,188,56.7024,84.7236,643,5.7007,6.7096,5.7007,4.7153,4.2739,2.6634,8.1225,4.6009,2.8936,2.4371,0.1136,0.3429,6,1,0.375,0.0833,3.2758,70,15,15,95,7.8669,,1.0345,56.8523,,,,,,,8,4.6,,,0,0.5,,0.55,0.89,0.5,1.5,1.5,1.5,0,0,0,,,,,2.25,,,0.5,,,,74.5423,32.5012,3.0.257
7,fuelbed_11135.xml,11135,"Wet flatland 61-100 yr old longleaf pine forest, 9-20 yr mFRI",7.5013,5.2179,6459.7251,3318.2043,1830.743,698.8993,611.8783,10,100.2849,111.0196,165,102.7577,79.0594,2.5225,2.4552,3867.1167,2978.3057,888.8112,0,0,9,36.9868,98.2086,185,74.1912,129.2218,543,5.4777,6.4298,5.4777,4.5686,4.1958,2.217,8.1225,4.8651,3.41,2.9127,0.1248,0.3725,6,1,0.375,0.1083,3.3225,70,10,15,95,11.0137,,1.0345,115.732,,,,,,,8,4.6,,,0,0.4,,0.55,0.89,0.55,2,1.5,1.5,0,0,0,,,,,2.5,,,0.5,,,,134.122,62.016,3.0.257
7,fuelbed_11136.xml,11136,"Wet flatland >100 yr old longleaf pine forest, 9-20 yr mFRI",7.4175,5.1302,6025.5181,3300.0232,1371.5059,742.1106,611.8783,10,99.1642,109.1535,165,101.6093,77.7305,2.4783,2.3954,3627.842,2961.9868,665.8552,0,0,9,36.3392,95.8154,185,72.8921,126.0729,544,5.447,6.2099,5.447,4.53,4.2129,2.2007,8.1225,4.9213,3.51,2.9719,0.136,0.4021,6,1,0.375,0.125,3.3464,70,10,15,95,11.0137,,1.0345,115.732,,,,,,,8,4.6,,,0,0.3,,0.6,0.89,0.6,2.5,1.5,1.5,0,0,0,,,,,3,,,0.5,,,,135.122,62.216,3.0.257
7,fuelbed_15131.xml,15131,"Wet flatland 0-10 yr old tall evergreen shrubland, 9-20 yr mFRI",6.7464,4.1404,3888.1826,3409.6448,0,46.9157,431.622,10,90.1925,88.0936,162,74.1363,133.5613,2.8293,2.5372,3060.3794,3060.3794,0,0,0,9,41.4859,101.4889,188,61.5074,84.5741,502,5.1948,4.9884,5.1948,4.0696,0.4482,0,0,1.0458,1.6764,1.2669,0.1963,0.2132,6,,0.25,0.0833,1.5279,70,,20,20,0.099,,,0.2649,,,,,,,4,2.48,,,0,,,3.96,1.41,1.37,1.75,0.88,0.88,0,0,0,,,,,1.8,,,1,,,,17.3149,3.0724,3.0.257
7,fuelbed_15132.xml,15132,"Wet flatland 11-20 yr old tall evergreen shrubland, 9-20 yr mFRI",12.2105,6.2257,5157.4634,4678.9258,0,46.9157,431.622,12,104.7213,85.284,202,107.1097,117.4667,6.4297,4.2813,4199.6421,4199.6421,0,0,0,10,85.9588,91.0908,162,70.6562,138.1054,742,6.9887,5.7452,6.9887,4.9903,4.3805,8.7073,0,1.5131,1.8922,1.4827,0.1963,0.2132,7,,0.25,0.1083,2.4079,75,,20,40,0.233,,,0.0386,,,,,,,6,3.72,,,0,,,3.96,1.41,1.37,1.75,0.88,0.88,0,0,0,,,,,2,,,1,,,,19.2886,3.6793,3.0.257
7,fuelbed_15133.xml,15133,"Wet flatland 21-40 yr old tall evergreen shrubland, 9-20 yr mFRI",16.4497,9.5795,9620.5557,9142.0176,0,46.9157,431.622,13,115.9247,100.8373,203,80.2425,121.26,10.6401,7.3453,8205.5596,8205.5596,0,0,0,12,91.2533,100.6211,203,51.9031,92.979,813,8.1116,7.8468,8.1116,6.1902,0.9043,0,0,2.11,2.5094,2.0999,0.1963,0.2132,8,,0.25,0.15,3.7626,75,,20,60,0.4661,,,0.0827,,,,,,,12,7.44,,,0,,,3.96,1.41,1.37,1.75,0.88,0.88,0,0,0,,,,,2.5,,,1,,,,25.8327,5.8113,3.0.257
7,fuelbed_15134.xml,15134,"Wet flatland 41-60 yr old tall evergreen shrubland, 9-20 yr mFRI",17.9214,12.8777,16676.2441,16197.7061,0,46.9157,431.622,13,126.2957,135.5548,203,87.4213,163.0089,12.6197,10.3364,14538.502,14538.502,0,0,0,13,88.9335,108.8038,203,61.5593,130.84,853,8.4667,9,8.4667,7.1771,5.0478,9,0,2.7775,3.3619,2.9525,0.1963,0.2132,8,,0.25,0.1667,4.4199,75,,20,95,1.1651,,,0.5147,,,,,,,20,12.4,,,0,,,3.96,1.41,1.37,1.75,0.88,0.88,0,0,0,,,,,3,,,1,,,,34.7647,8.7574,3.0.257
7,fuelbed_15135.xml,15135,"Wet flatland 61-100 yr old tall evergreen shrubland, 9-20 yr mFRI",18.0788,12.5121,15539.166,15060.6279,0,46.9157,431.622,13,127.405,131.7061,203,88.1891,158.3807,12.6697,10.0142,13517.9004,13517.9004,0,0,0,13,89.2864,105.413,203,61.8036,126.7625,943,8.5038,9,8.5038,7.0745,4.3089,7.2777,0,2.7758,3.3619,2.9525,0.1963,0.2132,10,,0.25,0.1667,5.5215,75,,20,95,1.1651,,,1.1447,,,,,,,20,12.4,,,0,,,3.96,1.41,1.37,1.75,0.88,0.88,0,0,0,,,,,3.5,,,1,,,,35.8947,9.3223,3.0.257
7,fuelbed_15136.xml,15136,"Wet flatland >100 yr old tall evergreen shrubland, 9-20 yr mFRI",18.0788,12.5121,15539.166,15060.6279,0,46.9157,431.622,13,127.405,131.7061,203,88.1891,158.3807,12.6697,10.0142,13517.9004,13517.9004,0,0,0,13,89.2864,105.413,203,61.8036,126.7625,943,8.5038,9,8.5038,7.0745,4.3089,7.2777,0,2.7758,3.3619,2.9525,0.1963,0.2132,10,,0.25,0.1667,5.5215,75,,20,95,1.1651,,,1.1447,,,,,,,20,12.4,,,0,,,3.96,1.41,1.37,1.75,0.88,0.88,0,0,0,,,,,3.8,,,1,,,,36.1947,9.4723,3.0.257
7,fuelbed_21541.xml,21541,"Mesic flatland 0-10 yr old long-needle pine plantation, >20 yr mFRI",2.1899,2.5021,4330.832,1927.4464,1417.3749,458.401,527.6097,9,32.1102,100.0821,188,47.6069,83.4018,0.5482,1.0067,2418.1335,1730.0094,688.1242,0,0,8,33.2224,100.667,183,42.1669,111.8522,331,3.1636,5.2647,2.9597,3.1636,2.6529,0,8.8547,3.2382,1.4735,0.9524,0.2381,0.283,4,0.8,0.325,0.0083,1.3797,50,25,25,25,2.4829,,,0.2001,,,,,,,3.5,1.925,,,0,0.4,,0.11,1.67,0.23,0.5,2,1,0,0,0,,,,,0.95,,,2,,,,12.5601,3.3375,3.0.257
7,fuelbed_21542.xml,21542,"Mesic flatland 11-20 yr old long-needle pine plantation, >20 yr mFRI",3.8714,3.1466,4084.4897,2330.8318,1011.5374,214.5109,527.6097,9,56.7657,125.8637,189,56.1076,73.1766,1.1627,1.4981,2583.1672,2092.074,491.0934,0,0,8,70.4681,149.814,187,50.5532,83.23,452,3.9352,5.1128,3.9352,3.5477,4.7338,3.9934,8.8547,4.0999,1.9106,1.2467,0.3501,0.3138,10,0.8,0.325,0.0167,3.35,40,20,25,35,4.1382,,,1.885,,,,,,,5.5,3.025,,,0,0.3,,0.21,0.22,0.35,1,2,1,0,0,0,,,,,1.5,,,3,,,,16.965,5.755,3.0.257
7,fuelbed_21543.xml,21543,"Mesic flatland 21-40 yr old long-needle pine plantation, >20 yr mFRI",6.1805,4.4253,4910.5479,3240.1792,719.157,423.6017,527.6097,10,82.6267,94.1555,162,67.9173,142.7518,2.1411,2.2472,3257.4182,2908.2732,349.145,0,0,9,31.3949,89.8896,185,62.9745,118.2758,553,4.9721,5.606,4.9721,4.2073,5.2745,4.0226,8.8547,5.3323,2.8931,2.0474,0.5973,0.2484,12,0.8,0.325,0.025,1.4812,15,10,25,65,6.0061,1.5246,1.6294,31.2176,,,,,,,5.5,3.025,,,0,0.2,,0.32,0.45,0.45,1.25,1,1,0,0,0,,,,,1.95,,,5.5,,,,48.8376,22.5963,3.0.257
7,fuelbed_21544.xml,21544,"Mesic flatland 41-60 yr old long-needle pine plantation, >20 yr mFRI",7.5969,4.9936,4849.5596,3314.8604,364.0275,643.0619,527.6097,10,101.563,106.2473,165,104.0673,75.661,2.7851,2.525,3152.0364,2975.304,176.7324,0,0,9,40.8377,101.0012,188,60.5463,84.1676,673,5.5125,5.5711,5.5125,4.4693,6.7129,7.9112,7.1922,5.3537,3.2042,2.3161,0.6089,0.2793,12,0.8,0.325,0.0667,1.4355,15,5,25,95,6.7568,2.2869,1.6294,53.1925,,,,,,,5.5,3.025,,,0,0.1,,0.42,0.89,0.55,1.75,1,1,0,0,0,,,,,2.15,,,5.5,,,,72.0525,33.6338,3.0.257
7,fuelbed_23141.xml,23141,"Mesic flatland 0-10 yr old broadleaf forest, >20 yr mFRI",6.8863,3.7152,3166.8489,1216.6581,1417.3749,458.401,74.4147,9,100.9726,148.607,189,99.8019,86.3994,1.8855,1.5066,1780.1543,1092.0302,688.1242,0,0,8,114.2704,150.6558,186,42.8514,65.5025,531,5.2484,4.502,5.2484,3.855,3.3064,0,8.8547,4.7628,1.2639,0.7428,0.2381,0.283,4.3,0.8,0.325,0.0083,0.751,30,25,25,25,2.4829,,,0.1501,,,,,,,2,1.1,,,0,0.4,,0.11,1.67,0.23,0.5,2,1,0,0,0,,,,,0.05,,,2,,,,10.1101,2.45,3.0.257
7,fuelbed_23142.xml,23142,"Mesic flatland 11-20 yr old broadleaf forest, >20 yr mFRI",11.3937,4.7565,3317.7688,1942.8911,1011.5374,214.5109,148.8294,10,152.3217,101.2016,163,57.2546,75.4996,4.3346,2.5506,2234.9653,1743.8719,491.0934,0,0,9,63.5566,102.0247,188,94.2296,85.0205,762,6.7509,4.608,6.7509,4.3619,5.6807,4.3974,8.8547,5.9052,1.8085,1.1446,0.3501,0.3138,8.4,0.8,0.325,0.0167,3.8044,55,20,25,35,4.004,,,1.8546,,,,,,,5,2.75,,,0,0.3,,0.21,0.22,0.35,1,2,1,0,0,0,,,,,0.1,,,3,,,,15.0346,4.9023,3.0.257
7,fuelbed_23143.xml,23143,"Mesic flatland 21-40 yr old broadleaf forest, >20 yr mFRI",9.889,5.201,4278.2007,2837.7832,719.157,423.6017,297.6588,10,132.2061,110.6604,163,49.6935,82.5562,3.8859,2.7926,2896.2412,2547.0962,349.145,0,0,9,56.9777,111.7032,188,84.4757,93.086,663,6.2894,5.2326,6.2894,4.5612,5.5217,3.86,8.8547,6.0714,2.8377,1.992,0.5973,0.2484,8.4,0.8,0.325,0.025,4.6437,65,10,25,65,6.0061,1.5246,1.6294,23.8271,,,,,,,7,3.85,,,0,0.2,,0.32,0.45,0.45,1.25,1,1,0,0,0,,,,,0.2,,,5.5,,,,41.1971,18.4386,3.0.257
7,fuelbed_23144.xml,23144,"Mesic flatland 41-60 yr old broadleaf forest, >20 yr mFRI",8.6557,5.0945,4436.0972,2901.3977,364.0275,643.0619,527.6097,10,115.7176,108.3944,163,43.4959,80.8657,3.1721,2.5267,2780.9268,2604.1943,176.7324,0,0,9,46.5112,101.0684,188,68.9579,84.2237,663,5.8841,5.3283,5.8841,4.5142,5.7243,5.4341,7.1922,5.5242,3.1589,2.2707,0.6089,0.2793,8.4,0.8,0.325,0.0667,4.523,65,5,25,95,6.7568,2.2869,1.6294,40.8467,,,,,,,7,3.85,,,0,0.1,,0.42,0.89,0.55,1.75,1,1,0,0,0,,,,,0.5,,,5.5,,,,59.5567,27.0484,3.0.257
7,fuelbed_23145.xml,23145,"Mesic flatland 61-100 yr old broadleaf forest, >20 yr mFRI",5.1901,3.846,3918.0476,2275.6218,364.3522,750.4638,527.6097,9,76.1009,153.8404,189,75.2186,89.4421,1.2058,1.4548,2219.4097,2042.5195,176.8901,0,0,8,73.0796,145.4807,187,52.4267,80.8226,544,4.5563,5.0075,4.5563,3.9222,4.327,2.8093,7.1922,4.8889,3.5151,2.6986,0.6075,0.209,8.4,0.8,0.325,0.0917,2.8451,45,1,25,95,10.5106,2.2869,1.6294,74.2203,,,,,,,5,2.75,,,0,0.1,,0.53,0.89,0.6,2,0.5,0.5,0,0,0,,,,,0.7,,,5.5,,,,90.5403,43.2852,3.0.257
7,fuelbed_23146.xml,23146,"Mesic flatland >100 yr old broadleaf forest, >20 yr mFRI",5.4093,4.0576,4168.7822,2441.0073,363.123,837.042,527.6097,10,72.3175,86.3324,161,235.1891,253.6014,1.0938,1.4345,2367.2573,2190.9639,176.2933,0,0,8,66.2939,143.4484,187,47.5587,79.6936,543,4.6516,5.1653,4.6516,4.0287,3.6684,2.4547,7.1922,3.7068,2.8465,1.9885,0.6181,0.2399,8.4,0.8,0.325,0.1083,1.1667,20,1,25,95,4.5045,4.5738,1.6294,102.384,,,,,,,4,2.2,,,0,0.1,,0.63,0.89,0.65,2.5,0.5,0.5,0,0,0,,,,,0.75,,,5.5,,,,118.404,57.117,3.0.257
6,fuelbed_11121.xml,11121,"Wet flatland 0-10 yr old longleaf pine forest, 4-8 yr mFRI",4.1981,2.8354,4212.1548,1500.2782,2410.0579,21.7609,280.058,9,61.5554,113.4156,189,60.8417,65.9393,2.1865,1.9584,3489.0439,1443.9288,2045.1152,0,0,8,132.5138,195.8422,186,49.6927,85.1488,400,4.0978,5.1921,4.0978,3.3677,0,0,0,0,0.4228,0.4061,0.0053,0.0115,4,1,0.025,0.0083,1.457,45,65,10,20,,,,,,,,,,,3.5,2.0125,,,0,0.7,,0.07,0.04,0.05,0.2,0,0,0,0,0,,,,,0.25,,,,,,,4.81,1.4813,3.0.257
6,fuelbed_11122.xml,11122,"Wet flatland 11-20 yr old longleaf pine forest, 4-8 yr mFRI",6.0291,3.4938,4614.3145,1529.0438,2557.6714,43.6845,483.9143,9,88.4034,139.7523,189,87.3785,81.2513,3.2011,2.3719,3641.9907,1471.6141,2170.3765,0,0,9,46.9371,94.8769,185,94.1504,124.838,521,4.9109,5.4343,4.9109,3.7383,2.3532,3.6297,0,1.8607,0.6444,0.5332,0.0188,0.0925,4,1,0.05,0.0167,1.4076,45,55,10,40,0.3881,,,0.302,,,,,,,3.5,2.0125,,,0,0.7,,0.1,0.09,0.1,0.5,0.38,0.38,0,0,0,,,,,0.5,,,,,,,6.552,1.7572,3.0.257
6,fuelbed_11123.xml,11123,"Wet flatland 21-40 yr old longleaf pine forest, 4-8 yr mFRI",5.0467,3.4496,4969.9541,1595.7983,2470.6201,196.799,706.7367,9,73.9984,137.9848,189,73.1405,80.2237,2.5365,2.1429,3632.3687,1535.8615,2096.5071,0,0,9,37.1916,85.7172,183,195.1129,238.1034,431,4.493,5.6398,4.493,3.7146,2.9632,2.5346,5.8419,2.4319,1.1402,0.8851,0.0833,0.1718,4,1,0.1083,0.025,1.307,45,45,10,60,1.4554,,0.5431,11.5195,,,,,,,3.5,2.0125,,,0,0.6,,0.3,0.17,0.21,0.8,0.75,0.75,0,0,0,,,,,0.75,,,0.5,,,,19.8495,7.841,3.0.257
6,fuelbed_11124.xml,11124,"Wet flatland 41-60 yr old longleaf pine forest, 4-8 yr mFRI",4.7516,3.5406,5368.5806,1600.2733,2647.2253,349.1477,771.9344,9,69.6709,141.6234,189,68.8631,82.3392,2.4964,2.1559,3786.5381,1540.1683,2246.3696,0,0,9,36.6041,86.235,183,192.031,239.5416,431,4.3596,5.8616,4.3596,3.7633,2.8532,2.1602,5.8419,2.5495,1.4864,1.0733,0.1038,0.3093,4,1,0.2083,0.0667,0.3146,10,35,10,95,2.4257,,0.5173,41.3757,,,,,,,2.5,1.4375,,,0,0.6,,0.35,0.35,0.42,1,1.5,1.5,0,0,0,,,,,1,,,0.5,,,,51.0957,22.6066,3.0.257
6,fuelbed_11125.xml,11125,"Wet flatland 61-100 yr old longleaf pine forest, 4-8 yr mFRI",6.0138,3.8205,4862.2124,1544.23,2200.5264,345.5216,771.9344,9,88.179,152.8214,189,87.1567,88.8496,2.9697,2.2371,3353.5415,1486.2296,1867.3119,0,0,9,43.5434,89.4835,185,87.3429,117.7414,532,4.9046,5.5784,4.9046,3.9092,2.8667,1.9206,5.8419,2.8206,1.7871,1.3348,0.1144,0.3379,4,1,0.2083,0.0917,0.8306,30,35,10,95,3.396,,0.5173,83.2967,,,,,,,3,1.725,,,0,0.5,,0.35,0.35,0.42,1.5,1.5,1.5,0,0,0,,,,,1.25,,,0.5,,,,94.1667,43.7858,3.0.257
6,fuelbed_11126.xml,11126,"Wet flatland >100 yr old longleaf pine forest, 4-8 yr mFRI",5.4793,3.6475,4558.7871,1603.0721,1782.5551,401.2257,771.9344,9,80.3418,145.9015,189,79.4103,84.8265,2.6301,2.0703,3055.4937,1542.8619,1512.6318,0,0,9,38.5645,82.8134,183,202.3152,230.0373,532,4.6816,5.4015,4.6816,3.8197,2.7988,1.8823,5.8419,2.7004,1.8988,1.4071,0.1251,0.3666,4,1,0.2083,0.1083,1.2782,45,35,10,95,3.396,,0.5173,83.2967,,,,,,,3.5,2.0125,,,0,0.4,,0.4,0.35,0.42,2,1.5,1.5,0,0,0,,,,,1.5,,,0.5,,,,95.3667,44.0046,3.0.257
6,fuelbed_21131.xml,21131,Mesic flatland 0-10 yr old longleaf pine forest and 9-20 yr mFRI,3.2343,2.5305,3361.0391,1666.0021,1290.9901,60.3924,343.6546,9,47.4241,101.2194,188,70.3114,84.3495,1.7001,1.7355,2698.9307,1603.4285,1095.5022,0,0,8,103.0386,173.5482,188,36.9595,57.8494,400,3.5968,4.638,3.5968,3.1815,0.4414,0,0,1.0298,0.3997,0.3787,0.009,0.0119,3.2,1,0.3583,0.025,0.5364,20,45,15,20,0.1213,,,0.0459,,,,,,,2,1.22,,,0,0.45,,0.12,0.12,0.25,0.2,0,0,0,0,0,,,,,0.95,,,,,,,4.1359,1.3329,3.0.257
6,fuelbed_21132.xml,21132,Mesic flatland 11-20 yr old longleaf pine forest and 9-20 yr mFRI,9.0719,5.2622,5496.0181,3310.927,1561.3311,136.9344,486.8258,10,121.2822,111.9627,163,45.5875,83.5277,5.2352,3.7763,4511.4775,3186.571,1324.9067,0,0,9,76.7619,151.0519,189,75.8719,87.8209,631,6.0239,5.9308,6.0239,4.5879,2.9215,4.2149,0,2.6013,1.0817,0.8917,0.0779,0.1122,6.2,1,0.3583,0.0417,2.048,40,35,15,40,0.8625,,,0.7866,,,,,,,5,3.05,,,0,0.45,,0.2,0.16,0.3,0.8,0.38,0.38,0,0,0,,,,,1.5,,,0.5,,,,10.4566,3.2933,3.0.257
6,fuelbed_21133.xml,21133,Mesic flatland 21-40 yr old longleaf pine forest and 9-20 yr mFRI,10.3947,6.3693,6891.5254,4388.189,1526.8831,285.2538,691.199,12,89.1485,87.251,202,91.1817,120.1759,6.1234,4.5247,5519.0474,4223.3721,1295.6752,0,0,10,81.8631,96.2704,162,67.2897,145.9584,642,6.4482,6.6412,6.4482,5.0475,3.8993,3.3979,7.1922,3.3025,1.8916,1.4162,0.2886,0.1869,6.2,1,0.3583,0.05,3.1547,60,25,15,60,1.9406,,0.4775,11.976,,,,,,,7,4.27,,,0,0.4,,0.28,0.32,0.35,1,0.75,0.75,0,0,0,,,,,1.95,,,2.5,,,,27.276,11.298,3.0.257
6,fuelbed_21134.xml,21134,Mesic flatland 41-60 yr old longleaf pine forest and 9-20 yr mFRI,10.6257,6.435,6571.251,4179.3154,1207.3314,493.4049,691.199,12,91.1296,88.1512,203,51.8328,81.4562,6.0563,4.3568,5046.855,4022.3435,1024.5115,0,0,10,80.9659,92.6981,162,66.5522,140.5422,742,6.5194,6.4851,6.5194,5.0735,3.7434,2.8622,7.1922,3.4745,2.4538,1.7526,0.3148,0.3864,7.2,1,0.3583,0.0667,3.6047,60,20,15,95,3.2343,,0.4548,43.7035,,,,,,,7,4.27,,,0,0.3,,0.36,0.65,0.4,1.5,1.75,1.75,0,0,0,,,,,2.15,,,2.5,,,,62.0635,27.2118,3.0.257
6,fuelbed_21135.xml,21135,Mesic flatland 61-100 yr old longleaf pine forest and 9-20 yr mFRI,10.3351,6.3387,6290.4136,4225.1377,815.0519,559.0251,691.199,12,88.6371,86.8314,202,90.6586,119.5979,5.835,4.2307,4758.0771,4066.4443,691.6328,0,0,10,78.0085,90.0158,162,64.1212,136.4756,643,6.4296,6.345,6.4296,5.0354,3.5515,2.4276,7.1922,3.4613,2.5228,1.7807,0.3259,0.4162,7.5,1,0.3583,0.1,3.4737,55,15,15,95,3.2343,,0.4548,76.2047,,,,,,,7,4.27,,,0,0.2,,0.4,0.65,0.45,2,1.75,1.75,0,0,0,,,,,2.35,,,2.5,,,,95.2547,43.5123,3.0.257
6,fuelbed_21136.xml,21136,Mesic flatland >100 yr old longleaf pine forest and 9-20 yr mFRI,9.0306,5.6323,5336.6084,3603.4446,407.1603,634.804,691.199,10,120.7305,119.8352,163,45.3801,89.4009,4.7714,3.5315,3813.6082,3468.1021,345.5061,0,0,9,69.9621,141.2583,189,69.1509,82.1269,633,6.0102,5.8442,6.0102,4.7465,3.4619,2.306,7.1922,3.3737,2.5023,1.7393,0.3319,0.4311,7.5,1,0.3583,0.1167,3.0846,50,10,15,95,3.2343,,0.4548,76.2047,,,,,,,6,3.66,,,0,0.1,,0.48,0.65,0.5,2.25,1.75,1.75,0,0,0,,,,,2.75,,,2.5,,,,94.9347,43.3573,3.0.257
6,fuelbed_21532.xml,21532,"Mesic flatland 11-20 yr old long-needle pine plantation, 9-20 yr mFRI",10.9097,6.4261,6788.5942,4603.5029,1561.3311,136.9344,486.8258,12,93.5656,88.0293,203,53.2183,81.3436,6.6167,4.7861,5755.5059,4430.5991,1324.9067,0,0,10,88.4585,101.8314,165,90.6396,72.5163,731,6.606,6.5914,6.606,5.07,3.0927,4.7309,0,2.4849,1.3126,1.1225,0.0779,0.1122,7,1,0.3583,0.0417,4.295,70,35,15,40,1.2127,,,1.1295,,,,,,,8,4.88,,,0,0.45,,0.2,0.16,0.3,0.8,0.38,0.38,0,0,0,,,,,1.5,,,0.5,,,,13.7995,4.3797,3.0.257
6,fuelbed_21533.xml,21533,"Mesic flatland 21-40 yr old long-needle pine plantation, 9-20 yr mFRI",11.0044,6.3456,6512.2207,4008.8845,1526.8831,285.2538,691.199,12,94.377,86.9261,202,96.5294,119.7283,6.4024,4.4554,5153.9888,3858.3137,1295.6752,0,0,10,85.594,94.7956,162,70.3564,143.7224,742,6.6346,6.4559,6.6346,5.0381,3.9652,3.5742,7.1922,3.2799,1.9801,1.5046,0.2886,0.1869,10,1,0.3583,0.05,6.0315,70,25,15,60,1.9406,,0.4775,15.8363,,,,,,,8,4.88,,,0,0.4,,0.28,0.32,0.35,1,0.75,0.75,0,0,0,,,,,1.95,,,2.5,,,,32.1363,13.5332,3.0.257
6,fuelbed_21534.xml,21534,"Mesic flatland 41-60 yr old long-needle pine plantation, 9-20 yr mFRI",11.3977,6.3623,6026.5615,3634.626,1207.3314,493.4049,691.199,12,97.7507,87.1551,202,99.9801,120.0438,6.3415,4.2049,4522.6235,3498.1121,1024.5115,0,0,10,84.7794,89.4663,162,69.6868,135.6425,743,6.7521,6.2105,6.7521,5.0447,3.8025,3.0253,7.1922,3.4492,2.5422,1.841,0.3148,0.3864,15,1,0.3583,0.0667,7.6507,60,20,15,95,3.2343,,0.4548,58.0449,,,,,,,8,4.88,,,0,0.3,,0.36,0.65,0.4,1.5,1.75,1.75,0,0,0,,,,,2.15,,,2.5,,,,77.4049,34.6875,3.0.257
6,fuelbed_31541.xml,31541,Mesic upland 0-10 yr old long-needle pine plantation >20 yr mFRI,1.3366,1.9463,4008.1411,1866.5533,1150.2568,460.8366,530.4944,8,81.0065,194.6269,188,29.0567,64.8756,0.5911,1.0887,2741.9319,1796.447,945.4848,0,0,8,35.8217,108.8687,183,45.466,120.9653,331,2.7902,5.0648,2.3122,2.7902,2.5165,0,8.8547,2.92,1.4782,0.9809,0.2328,0.2645,4,0.5,0.3167,0.0083,1.4291,50,20,25,15,2.4024,,,0.2723,,,,,,,3.5,1.925,,,0,0.3,,0.07,1.67,0.25,0.2,2,1,0,0,0,,,,,0.95,,,2,,,,12.2123,3.3236,3.0.257
6,fuelbed_31542.xml,31542,Mesic upland 11-20 yr old long-needle pine plantation >20 yr mFRI,3.4854,2.8772,3676.5515,2242.0596,727.241,176.7566,530.4944,9,51.105,115.0882,189,50.5124,66.9118,1.809,1.8801,2755.625,2157.8496,597.7755,0,0,8,109.6373,188.0108,188,39.3264,62.6703,452,3.7338,4.8508,3.7338,3.3925,4.7518,3.841,8.8547,4.2941,1.9213,1.2979,0.3405,0.283,10,0.5,0.3167,0.0167,3.5031,40,15,25,35,4.004,,,2.4728,,,,,,,5.5,3.025,,,0,0.2,,0.14,0.22,0.35,0.5,2,1,0,0,0,,,,,1.5,,,3,,,,16.8828,5.9989,3.0.257
6,fuelbed_31543.xml,31543,Mesic upland 21-40 yr old long-needle pine plantation >20 yr mFRI,6.5002,4.2735,4298.1084,3105.1902,369.907,292.5165,530.4944,10,86.9016,90.9263,162,71.4312,137.856,3.6632,2.9003,3292.6165,2988.5613,304.0551,0,0,9,53.7129,116.0112,189,53.0901,67.4484,553,5.0991,5.2448,5.0991,4.1345,5.3342,3.962,8.8547,5.5321,2.8421,2.0176,0.5915,0.233,12,0.5,0.3167,0.0333,1.5667,15,10,25,55,6.0061,1.5246,1.6294,31.2176,,,,,,,5.5,3.025,,,0,0.1,,0.21,0.45,0.4,1,1,1,0,0,0,,,,,1.95,,,5.5,,,,48.3276,22.5463,3.0.257
6,fuelbed_31544.xml,31544,Mesic upland 41-60 yr old long-needle pine plantation >20 yr mFRI,7.7628,4.7992,4389.9321,3191.52,189.6489,478.2687,530.4944,10,103.7807,102.1102,165,106.3397,72.7148,4.3635,3.1433,3227.5359,3071.6489,155.8871,0,0,9,63.9808,125.7326,189,63.239,73.1003,673,5.5724,5.3005,5.5724,4.3814,6.7018,7.7758,7.1922,5.4633,3.1502,2.2843,0.6021,0.2638,12,0.5,0.3167,0.05,1.511,15,5,25,90,6.7568,2.2869,1.6294,53.1925,,,,,,,5.5,3.025,,,0,0.05,,0.28,0.89,0.45,1.5,1,1,0,0,0,,,,,2.15,,,5.5,,,,71.5125,33.6088,3.0.257
6,fuelbed_32141.xml,32141,"Mesic upland 0-10 yr old oak-pine forest, >20 yr mFRI",2.1113,1.0677,1050.7437,145.599,387.1207,8.4572,509.5668,8,127.955,106.772,184,111.1188,88.9767,0.5438,0.4023,458.3347,140.1304,318.2043,0,0,8,32.9546,40.2299,181,77.6788,80.4598,300,2.906,2.5932,2.906,2.0666,0,0,0,0,0.3764,0.3576,0.0072,0.0116,2,0.5,0.2,0.0667,0.1657,30,10,4,15,,,,,,,,,,,1.5,0.63,,,0,0.5,,1.3,0.2,0.15,0.2,0,0,0,0,0,,,,,0.5,,,,,,,4.35,0.815,3.0.257
6,fuelbed_32142.xml,32142,"Mesic upland 11-20 yr old oak-pine forest, >20 yr mFRI",2.7041,1.3071,1133.865,204.8874,74.3592,0.1524,854.466,8,163.8836,130.7145,185,79.5317,68.7971,0.4556,0.3115,258.3135,197.192,61.1216,0,0,8,27.6097,31.1481,181,65.0801,62.2963,321,3.2888,2.6938,3.2888,2.2866,2.4982,2.285,5.8419,1.5964,0.8405,0.678,0.0695,0.0929,3,0.5,0.2,0.1167,0.702,60,5,4,35,1.2344,,,0.6134,,,,,,,2.5,1.05,,,0,0.3,,1.3,0.2,0.15,0.5,0.38,0.38,0,0,0,,,,,2.5,,,0.5,,,,9.3234,2.6317,3.0.257
6,fuelbed_32143.xml,32143,"Mesic upland 21-40 yr old oak-pine forest, >20 yr mFRI",4.2264,1.742,1276.6445,287.6679,0.286,0,988.6907,8,256.1463,174.1996,186,96.0548,75.7389,0.6306,0.3889,277.0984,276.8633,0.2351,0,0,8,38.221,38.8877,181,90.0924,77.7754,432,4.1116,2.8584,4.1116,2.6397,3.3635,2.2675,9,2.5801,1.5836,1.1105,0.2889,0.1841,4,0.5,0.2,0.1167,1.0974,80,2,4,55,5.151,,1.4375,7.4303,,,,,,,3.5,1.47,,,0,0.1,,2.6,0.4,0.3,1,0.75,0.75,0,0,0,,,,,2.5,,,2.5,,,,21.8303,7.7501,3.0.257
6,fuelbed_32144.xml,32144,"Mesic upland 41-60 yr old oak-pine forest, >20 yr mFRI",5.2684,1.9602,1316.2504,327.5554,0.0043,0,988.6907,8,319.2943,196.0224,186,119.7354,85.2271,0.9932,0.5086,315.2562,315.2527,0.0035,0,0,8,60.1959,50.8612,183,76.4025,56.5125,532,4.5906,2.9024,4.5906,2.8002,3.3253,1.8291,9,2.9295,2.4323,1.5741,0.561,0.2973,4,0.5,0.2,0.1667,0.8198,80,2,4,90,5.5325,,2.0909,15.0266,,,,,,,3.5,1.47,,,0,0.1,,4,0.6,0.48,1.5,1.25,1.25,0,0,0,,,,,5,,,5,,,,37.7066,14.7983,3.0.257
6,fuelbed_32145.xml,32145,"Mesic upland 61-100 yr old oak-pine forest, >20 yr mFRI",5.202,1.9557,1324.7552,336.0645,0.0001,0,988.6907,8,315.275,195.5652,186,118.2281,85.0284,0.9303,0.4994,323.4422,323.4421,0.0001,0,0,8,56.3814,49.9379,181,132.8989,99.8758,533,4.5616,2.9118,4.5616,2.7969,3.3755,1.6798,9,3.1958,2.9473,1.9252,0.6261,0.3959,5,0.5,0.2,0.1667,0.8378,80,2,4,90,8.9665,,1.7424,73.3717,,,,,,,3.5,1.47,,,0,0.1,,5.23,0.8,0.58,1.75,1.75,1.75,0,0,0,,,,,5,,,5.5,,,,99.3317,44.3709,3.0.257
6,fuelbed_32146.xml,32146,"Mesic upland >100 yr old oak-pine forest, >20 yr mFRI",5.2018,1.9556,1324.756,336.0652,0.0001,0,988.6907,8,315.2636,195.562,186,118.2238,85.027,0.9303,0.4994,323.4429,323.4428,0.0001,0,0,8,56.3816,49.938,181,132.8994,99.876,533,4.5615,2.9118,4.5615,2.7969,3.3755,1.6798,9,3.1958,2.9723,1.9305,0.6314,0.4104,5,0.5,0.2,0.1667,0.8378,80,2,4,90,8.9665,,1.7424,76.5342,,,,,,,3.5,1.47,,,0,0.1,,5.23,0.8,0.58,2,1.75,1.75,0,0,0,,,,,5,,,5.5,,,,102.7442,45.9521,3.0.257
6,fuelbed_33141.xml,33141,"Mesic upland 0-10 yr old oak forest, >20 yr mFRI",2.5758,1.3188,1195.0001,152.9717,873.9032,93.351,74.7742,8,156.1095,131.8839,185,75.759,69.4126,1.3776,0.802,865.5545,147.2262,718.3283,0,0,8,83.4887,80.1966,183,105.9664,89.1073,300,3.2099,2.7655,3.2099,2.2968,0,0,0,0,0.2248,0.2036,0.0088,0.0125,3,0.5,0.3167,0.0083,0.4255,20,20,25,15,0.4764,,,0,,,,,,,2,0.84,,,0,0.3,,0.07,0.16,0.25,0.2,0,0,0,0,0,,,,,0.05,,,,,,,3.03,0.595,3.0.257
6,fuelbed_33142.xml,33142,"Mesic upland 11-20 yr old oak forest, >20 yr mFRI",3.3647,1.5784,1157.8971,232.0844,600.2565,175.3036,150.2527,8,203.9236,157.8362,186,76.4714,68.6244,1.6844,0.8323,716.7645,223.3674,493.397,0,0,8,102.0832,83.235,183,129.5671,92.4833,431,3.6686,2.7222,3.6686,2.5127,3.0821,2.6196,5.8419,2.624,0.5903,0.4721,0.0218,0.0964,4.5,0.5,0.3167,0.0167,1.6217,45,15,25,35,1.5866,,,0.7461,,,,,,,4,1.68,,,0,0.2,,0.14,0.22,0.35,0.5,0.38,0.38,0,0,0,,,,,0.1,,,,,,,7.0161,1.3631,3.0.257
6,fuelbed_33143.xml,33143,"Mesic upland 21-40 yr old oak forest, >20 yr mFRI",3.0953,1.547,1007.3831,240.9358,303.808,266.3571,196.2823,8,187.5956,154.7002,186,70.3483,67.261,1.2649,0.6294,481.6096,231.8865,249.7232,0,0,8,76.6587,62.9363,183,97.2975,69.9292,441,3.5187,2.5391,3.5187,2.4876,4.1616,2.2019,9,4.5078,1.1994,0.9209,0.0875,0.1911,5,0.5,0.3167,0.0333,2.2374,55,10,25,55,6.6205,,1.2578,8.754,,,,,,,4.5,1.89,,,0,0.1,,0.21,0.35,0.4,1,0.75,0.75,0,0,0,,,,,0.2,,,0.5,,,,17.514,5.872,3.0.257
6,fuelbed_33144.xml,33144,"Mesic upland 41-60 yr old oak forest, >20 yr mFRI",4.6197,2.0888,1263.7458,245.7207,154.2386,373.0809,490.7056,9,67.7375,83.5512,183,355.3612,232.0868,0.8308,0.4707,363.2722,236.4916,126.7806,0,0,8,50.3488,47.0681,181,118.6793,94.1361,441,4.2987,2.8439,4.2987,2.8905,4.0453,1.8972,9,4.5412,1.4684,1.0254,0.135,0.3081,5,0.5,0.3167,0.05,2.1802,55,5,25,90,7.1109,,1.8295,17.6385,,,,,,,4.5,1.89,,,0,0.05,,0.28,0.5,0.45,1.5,1.25,1.25,0,0,0,,,,,0.5,,,0.8,,,,28.7185,10.6792,3.0.257
6,fuelbed_33145.xml,33145,"Mesic upland 60-100 yr old oak forest, >20 yr mFRI",4.5466,2.2069,1363.3655,241.3901,156.8842,472.3618,492.7294,9,66.6654,88.2755,186,103.3314,95.9516,0.505,0.3729,361.2789,232.3237,128.9552,0,0,8,30.608,37.2868,181,72.1474,74.5736,442,4.2645,2.9539,4.2645,2.9711,4.0313,1.7825,9,4.6232,1.9528,1.3756,0.1678,0.4095,6,0.5,0.3167,0.0667,1.5667,35,2,25,90,11.5246,,1.5246,87.0983,,,,,,,4,1.68,,,0,0.05,,0.35,0.55,0.5,1.75,1.75,1.75,0,0,0,,,,,0.7,,,1,,,,99.4983,45.5642,3.0.257
6,fuelbed_33146.xml,33146,"Mesic upland >100 yr old oak forest, >20 yr mFRI",4.7969,2.3695,1433.0284,215.0837,158.3495,566.8659,492.7294,9,70.3355,94.7803,186,109.02,103.022,0.2837,0.2755,337.165,207.0053,130.1597,0,0,8,17.1953,27.5546,181,40.5317,55.1092,442,4.3804,3.0284,4.3804,3.0786,3.8074,1.8384,9,4.045,1.9389,1.3404,0.1735,0.425,6,0.5,0.3167,0.0833,0.802,20,1,25,90,11.5246,,1.5246,90.1557,,,,,,,3,1.26,,,0,0.05,,0.42,0.6,0.55,2,1.75,1.75,0,0,0,,,,,0.75,,,1,,,,102.0257,46.9079,3.0.257
5,fuelbed_11111.xml,11111,"Wet flatland 0-10 yr old longleaf pine forest, 1-3 yr mFRI",2.8705,1.7822,2817.043,305.4499,2440.595,9.8846,61.1135,8,173.9681,178.2161,186,65.238,77.4853,2.141,1.5169,2651.428,299.5944,2293.3799,8.1381,50.3157,8,129.7559,151.69,186,48.6585,65.9522,300,3.3885,4.2461,3.3885,2.67,0,0,0,0,0.1605,0.1597,0.0008,0,2,1.5,0.0083,0.0083,0.7739,5,80,5,20,,,,,,,,,,,0.75,0.4313,,,0,0.8,,0.05,0.04,0.04,0,0,0,0,0,0,,,,,0.05,,,,,,,1.73,0.6406,3.0.257
5,fuelbed_11112.xml,11112,"Wet flatland 11-20 yr old longleaf pine forest, 1-3 yr mFRI",2.8318,2.4541,4441.0249,1691.9438,2560.2993,24.8536,163.9281,9,41.5224,98.1653,185,83.2891,129.1649,2.1472,2.118,4220.8003,1659.5093,2405.864,20.4624,134.9645,9,31.4846,84.7203,183,165.1731,235.3343,320,3.3656,5.3313,3.3656,3.1331,1.6887,3.113,0,0.8271,0.4236,0.3877,0.0077,0.0283,4,1.5,0.0167,0.0083,0.5981,10,75,5,40,0.0776,,,0.2516,,,,,,,3,1.725,,,0,0.8,,0.1,0.09,0.09,0.2,0.1,0.1,0,0,0,,,,,0.1,,,,,,,4.8316,1.4383,3.0.257
5,fuelbed_11113.xml,11113,"Wet flatland 21-40 yr old longleaf pine forest, 1-3 yr mFRI",3.1766,2.6769,4614.0977,1662.3702,2398.5542,62.7517,490.4219,9,46.5783,107.0744,188,69.0573,89.2286,2.3601,2.2735,4339.814,1630.5027,2253.875,51.6644,403.7718,9,34.605,90.9419,185,69.4136,119.6604,411,3.5646,5.4342,3.5646,3.2722,1.4577,2.2699,0,1.1312,0.5685,0.4968,0.0151,0.0565,4,1.5,0.0417,0.0167,0.6414,15,65,5,60,0.2911,,0.2716,5.2908,,,,,,,3,1.725,,,0,0.7,,0.19,0.17,0.17,0.4,0.2,0.2,0,0,0,,,,,0.2,,,,,,,10.5208,3.9579,3.0.257
5,fuelbed_11114.xml,11114,"Wet flatland 41-60 yr old longleaf pine forest, 1-3 yr mFRI",6.9502,4.164,5434.8379,1701.8479,2516.3164,112.2082,1104.4658,10,92.9169,88.5963,162,76.3756,134.3234,4.2369,3.2032,5035.4634,1669.2233,2364.5339,92.3827,909.3234,9,62.125,128.1281,189,61.4047,74.4931,521,5.2726,5.8977,5.2726,4.0812,1.6968,2.318,0,1.6409,0.8136,0.7042,0.0246,0.0848,4,1.5,0.0833,0.0583,0.6148,15,65,5,95,0.9703,,0.2586,20.7561,,,,,,,3,1.725,,,0,0.7,,0.24,0.35,0.35,0.6,0.3,0.3,0,0,0,,,,,0.5,,,,,,,27.0961,11.8405,3.0.257
5,fuelbed_11115.xml,11115,"Wet flatland 61-100 yr old longleaf pine forest, 1-3 yr mFRI",7.0034,4.1267,5131.7744,1711.8176,2181.8708,133.6204,1104.4658,10,93.6288,87.8017,162,76.9608,133.1186,4.2694,3.1721,4748.5991,1679.0022,2050.2617,110.0117,909.3234,9,62.601,126.8848,189,61.8752,73.7702,521,5.2928,5.7309,5.2928,4.0628,1.5163,1.9861,0,1.5519,0.9062,0.7968,0.0246,0.0848,4,1.5,0.0833,0.0833,0.5905,15,65,5,95,1.3584,,0.2586,41.8676,,,,,,,3,1.725,,,0,0.6,,0.29,0.35,0.35,0.6,0.3,0.3,0,0,0,,,,,0.7,,,,,,,48.3576,22.4463,3.0.257
5,fuelbed_11116.xml,11116,"Wet flatland >100 yr old longleaf pine forest, 1-3 yr mFRI",7.3522,4.1812,4851.9482,1726.3312,1855.1104,166.0411,1104.4658,10,98.2918,88.9622,162,80.7937,134.8781,4.482,3.2107,4482.4761,1693.2374,1743.2114,136.7042,909.3234,9,65.7188,128.4295,189,64.9568,74.6683,511,5.423,5.5725,5.423,4.0896,1.4724,1.9974,0,1.438,0.9072,0.7978,0.0246,0.0848,4,1.5,0.0833,0.1,0.5633,15,65,5,95,1.3584,,0.2586,41.8676,,,,,,,3,1.725,,,0,0.5,,0.35,0.35,0.35,0.6,0.3,0.3,0,0,0,,,,,0.75,,,,,,,48.3676,22.4213,3.0.257
5,fuelbed_21121.xml,21121,"Mesic flatland 0-10 yr old longleaf pine forest, 4-8 yr mFRI",2.6152,2.0338,3119.1167,1008.1703,1714.1561,45.6734,351.117,9,38.3457,81.3527,183,201.1674,225.9799,1.9743,1.743,2926.2866,988.8436,1610.7593,37.6036,289.08,8,119.653,174.3001,186,44.8699,75.7827,300,3.2343,4.4679,3.2343,2.8522,0.4059,0,0,0.9471,0.2763,0.2334,0.0131,0.0298,2,1,0.2083,0.0083,0.3287,10,60,10,20,0.0604,,,0.0422,,,,,,,1,0.65,,,0,0.5,,0.1,0.2,0.15,0.5,0,0,0,0,0,,,,,0.25,,,,,,,2.7422,0.7211,3.0.257
5,fuelbed_21122.xml,21122,"Mesic flatland 11-20 yr old longleaf pine forest, 4-8 yr mFRI",3.8897,3.054,4460.7295,2022.786,1859.6211,93.7752,484.5474,9,57.0331,122.16,189,56.3718,71.0233,2.8957,2.606,4207.6006,1984.0088,1747.4502,77.2065,398.9352,9,42.4582,104.2386,188,62.9489,86.8655,421,3.9444,5.3431,3.9444,3.4951,2.1018,3.0314,0,1.8725,0.6617,0.5077,0.0299,0.1241,3,1,0.2083,0.0083,0.5056,20,50,10,40,0.6469,,0.0593,0.4767,,,,,,,2,1.3,,,0,0.5,,0.16,0.25,0.2,1,0.38,0.38,0,0,0,,,,,0.45,,,,,,,5.7967,1.3633,3.0.257
5,fuelbed_21123.xml,21123,"Mesic flatland 21-40 yr old longleaf pine forest, 4-8 yr mFRI",6.2437,4.3351,5374.2124,2985.8796,1600.4855,171.6448,616.2022,10,83.4714,92.2368,162,68.6116,139.8429,4.7385,3.7326,5081.2324,2928.6409,1503.9453,141.3177,507.3286,9,69.4788,149.3041,189,68.6732,86.8047,541,4.9975,5.8647,4.9975,4.1642,3.5033,2.7834,7.1922,2.9929,1.2005,0.9073,0.0914,0.2018,3.5,1,0.2083,0.0167,0.6977,25,40,10,60,1.9406,,0.1132,11.718,,,,,,,3,1.95,,,0,0.4,,0.23,0.3,0.24,1.25,0.75,0.75,0,0,0,,,,,0.65,,,0.5,,,,19.788,7.759,3.0.257
5,fuelbed_21124.xml,21124,"Mesic flatland 41-60 yr old longleaf pine forest, 4-8 yr mFRI",7.5677,4.8468,5576.979,2944.5037,1724.8739,291.3993,616.2022,10,101.1725,103.1227,165,103.6671,73.4358,5.7623,4.1666,5256.1299,2888.0574,1620.8304,239.9134,507.3286,10,77.0356,88.651,162,63.3216,134.4064,642,5.5019,5.9743,5.5019,4.4031,3.5152,2.4762,7.1922,3.3279,1.6722,1.2188,0.1094,0.344,4,1,0.2083,0.0583,0.7511,25,30,10,95,3.2343,,0.1078,43.2601,,,,,,,3,1.95,,,0,0.4,,0.29,0.35,0.32,1.5,1.5,1.5,0,0,0,,,,,0.85,,,0.5,,,,53.4701,23.6301,3.0.257
5,fuelbed_21125.xml,21125,"Mesic flatland 61-100 yr old longleaf pine forest, 4-8 yr mFRI",6.6986,4.5351,5200.6196,2921.8706,1314.6979,347.8492,616.2022,10,89.5539,96.4911,162,73.6113,146.2929,5.0493,3.8755,4894.9731,2865.8584,1235.3962,286.3895,507.3286,9,74.0366,155.0211,189,73.1782,90.1286,532,5.1763,5.7692,5.1763,4.2591,3.2886,2.0692,7.1922,3.2063,1.7222,1.2482,0.1151,0.3589,4,1,0.2083,0.0833,0.7546,25,30,10,95,3.2343,,0.1078,74.8173,,,,,,,3,1.95,,,0,0.3,,0.31,0.45,0.35,1.75,1.5,1.5,0,0,0,,,,,1.05,,,0.5,,,,85.5273,39.4587,3.0.257
5,fuelbed_21126.xml,21126,"Mesic flatland >100 yr old longleaf pine forest, 4-8 yr mFRI",6.5867,4.5222,5237.1465,2933.2087,1320.8058,366.9296,616.2022,10,88.0576,96.2166,162,72.3814,145.8768,4.9525,3.8586,4927.5415,2876.9788,1241.1356,302.0987,507.3286,9,72.6174,154.3421,189,71.7755,89.7338,532,5.1329,5.7895,5.1329,4.2531,3.2738,2.0667,7.1922,3.1742,1.7732,1.2783,0.1211,0.3738,4,1,0.2083,0.1,0.7502,25,30,10,95,3.2343,,0.1078,74.8173,,,,,,,3,1.95,,,0,0.3,,0.32,0.45,0.4,2,1.5,1.5,0,0,0,,,,,1.25,,,0.5,,,,86.0373,39.5587,3.0.257
5,fuelbed_21523.xml,21523,"Mesic flatland 21-40 yr old long-needle pine plantation, 4-8 yr mFRI",8.3102,5.0784,5635.917,3319.481,1563.9847,136.2488,616.2022,10,111.0988,108.0516,165,113.8383,76.9458,6.3872,4.4065,5344.9966,3255.8462,1469.6461,112.1757,507.3286,10,85.3902,93.7546,162,70.1889,142.1441,641,5.7655,6.0058,5.7655,4.5071,3.6759,2.9816,7.1922,3.1976,1.2778,0.9846,0.0914,0.2018,3.5,1,0.2083,0.0167,1.4333,50,40,15,60,1.9406,,0.1132,15.5783,,,,,,,4,2.6,,,0,0.4,,0.23,0.13,0.24,1.25,0.75,0.75,0,0,0,,,,,0.65,,,0.5,,,,24.4783,10.0141,3.0.257
5,fuelbed_21524.xml,21524,"Mesic flatland 41-60 yr old long-needle pine plantation, 4-8 yr mFRI",10.3289,5.5852,5330.9888,3175.8909,1277.3075,261.5886,616.2022,10,138.087,118.8337,163,51.904,88.6537,8.0818,4.8701,5037.9683,3115.009,1200.261,215.3698,507.3286,10,108.0451,103.6196,165,110.7092,73.7897,642,6.4277,5.8411,6.4277,4.7266,3.7036,2.6336,7.1922,3.61,1.7474,1.294,0.1094,0.344,4,1,0.2083,0.0583,1.6092,50,30,15,95,3.2343,,0.1078,57.6015,,,,,,,4,2.6,,,0,0.3,,0.29,0.26,0.32,1.5,1.5,1.5,0,0,0,,,,,0.85,,,0.5,,,,68.6215,31.0758,3.0.257
5,fuelbed_31131.xml,31131,"Mesic upland 0-10 yr old longleaf pine forest, 9-20 yr mFRI",2.1589,1.9206,3179.7036,1120.3472,1526.2183,146.2506,386.8874,8,130.8439,192.0624,186,49.0664,83.5054,1.5502,1.5942,2943.3323,1098.8701,1405.5216,120.4104,318.5302,8,93.9506,159.4235,188,33.6997,53.1412,300,2.9387,4.5111,2.9387,2.7717,0,0,0,0,0.4636,0.4516,0.006,0.0059,3,0.5,0.3583,0.0167,1.1796,50,30,15,15,,,,,,,,,,,4,1.88,,,0,0.35,,0.15,0.16,0.2,0.1,0,0,0,0,0,,,,,0.95,,,,,,,5.91,1.59,3.0.257
5,fuelbed_31132.xml,31132,"Mesic upland 11-20 yr old longleaf pine forest, 9-20 yr mFRI",4.773,2.8266,3227.0723,1249.0752,1317.9082,141.8976,518.1914,9,69.9858,113.0654,189,69.1744,65.7357,3.5758,2.3916,2982.2766,1225.1304,1213.6852,116.8264,426.6348,9,52.4309,95.6646,186,81.268,103.9833,421,4.3695,4.5446,4.3695,3.3625,2.3832,3.523,0,2.0374,0.9509,0.7651,0.0772,0.1086,5.5,0.5,0.3583,0.0333,3.5157,75,25,15,35,0.4902,,,0.4112,,,,,,,6,2.82,,,0,0.3,,0.11,0.22,0.3,0.75,0.38,0.38,0,0,0,,,,,1.5,,,0.5,,,,10.8512,2.9156,3.0.257
5,fuelbed_31133.xml,31133,"Mesic upland 21-40 yr old longleaf pine forest, 9-20 yr mFRI",5.8333,3.3617,3447.0664,1679.9133,905.5862,224.4658,637.1012,9,85.5326,134.4695,189,84.541,78.1799,4.5092,2.8844,3191.021,1647.7092,833.9706,184.8061,524.5351,9,66.1177,115.3746,189,65.3511,67.0783,552,4.8305,4.6969,4.8305,3.667,4.777,5.8979,7.1922,2.8503,1.7473,1.2723,0.289,0.186,5.5,0.5,0.3583,0.05,4.3941,90,20,15,55,1.8048,,0.8984,4.4466,,,,,,,8,3.76,,,0,0.2,,0.16,0.32,0.35,1,0.75,0.75,0,0,0,,,,,1.95,,,2.5,,,,20.4266,7.1783,3.0.257
5,fuelbed_31134.xml,31134,"Mesic upland 41-60 yr old longleaf pine forest, 9-20 yr mFRI",6.3811,3.4805,3093.5635,1676.827,461.521,318.1143,637.1012,9,93.5648,139.22,189,92.48,80.9418,4.9947,2.9944,2856.1487,1644.6821,425.0229,261.9084,524.5351,9,73.2367,119.776,189,72.3876,69.6372,532,5.0522,4.4496,5.0522,3.7312,3.3642,2.3797,7.1922,3.0721,1.9908,1.4026,0.3028,0.2855,5.5,0.5,0.3583,0.0667,4.4039,90,15,15,90,1.9384,,2.1235,8.0924,,,,,,,8,3.76,,,0,0.1,,0.21,0.45,0.4,1.25,1.25,1.25,0,0,0,,,,,2.15,,,2.5,,,,25.6524,9.0512,3.0.257
5,fuelbed_31135.xml,31135,"Mesic upland 61-100 yr old longleaf pine forest, 9-20 yr mFRI",5.7805,3.3866,3138.3174,1636.5471,467.5876,397.0815,637.1012,9,84.7576,135.4625,189,83.7749,78.7573,4.5014,2.8983,2887.2427,1605.1744,430.6097,326.9232,524.5351,9,66.0036,115.9333,189,65.2383,67.4031,532,4.8085,4.4817,4.8085,3.6805,3.3037,2.14,7.1922,3.1708,2.3339,1.6324,0.3166,0.3849,5.5,0.5,0.3583,0.0833,3.8214,80,10,15,90,3.1416,,1.6335,43.967,,,,,,,7.5,3.525,,,0,0.1,,0.26,0.5,0.45,1.5,1.75,1.75,0,0,0,,,,,2.35,,,2.5,,,,62.627,26.971,3.0.257
5,fuelbed_31136.xml,31136,"Mesic upland >100 yr old longleaf pine forest, 9-20 yr mFRI",4.6285,3.1054,3175.2959,1601.4591,468.5033,468.2325,637.1012,9,67.8668,124.2177,189,67.0799,72.2196,3.61,2.6532,2912.2502,1570.7593,431.453,385.5028,524.5351,9,52.9328,106.1287,188,78.4786,88.4406,432,4.3028,4.508,4.3028,3.5245,3.1768,2.0608,7.1922,2.9537,2.3778,1.6561,0.3221,0.3997,5.5,0.5,0.3583,0.1,3.2504,70,5,15,90,3.1416,,1.6335,46.4104,,,,,,,7,3.29,,,0,0.1,,0.32,0.55,0.47,1.75,1.75,1.75,0,0,0,,,,,2.75,,,2.5,,,,65.3504,28.2752,3.0.257
5,fuelbed_31532.xml,31532,"Mesic upland 11-20 yr old  long-needle pine plantation, 9-20 yr mFRI",7.4814,4.5984,4823.8447,3051.4326,1221.8311,165.5059,385.075,10,100.0185,97.8392,164,83.1264,93.8458,5.7553,3.9888,4571.4443,2992.9365,1125.2061,136.2635,317.038,9,84.3887,159.5536,189,83.4103,92.7637,531,5.4704,5.5563,5.4704,4.2888,2.7521,4.0902,0,2.331,1.1572,0.9711,0.0769,0.1092,7,0.5,0.3583,0.0333,4.2946,70,25,15,35,0.8625,,,1.0462,,,,,,,6,3.66,,,0,0.3,,0.11,0.32,0.3,0.75,0.38,0.38,0,0,0,,,,,1.5,,,0.5,,,,11.5862,3.6531,3.0.257
5,fuelbed_31533.xml,31533,"Mesic uplands 21-40 yr old  long-needle pine plantation, 9-20 yr mFRI",9.5212,5.2419,4775.6089,3205.2712,840.3581,258.6896,471.2901,10,127.2888,111.5295,163,47.8452,83.2046,7.471,4.5793,4518.73,3143.8259,773.9008,212.9831,388.0203,10,99.8797,97.4323,162,82.0989,147.72,642,6.1713,5.5285,6.1713,4.579,3.7765,3.2892,7.1922,3.1246,1.8726,1.3972,0.2886,0.1869,10,0.5,0.3583,0.05,6.2527,70,20,15,55,1.9406,,0.4775,15.8363,,,,,,,7,4.27,,,0,0.2,,0.16,0.45,0.35,1,0.75,0.75,0,0,0,,,,,1.95,,,2.5,,,,30.9463,13.1282,3.0.257
5,fuelbed_31534.xml,31534,"Mesic uplands 41-60 yr old  long-needle pine plantation, 9-20 yr mFRI",10.882,5.3135,4082.8586,2853.5496,426.0956,331.9232,471.2901,10,145.4809,113.0526,163,54.6833,84.3409,8.5808,4.64,3852.5437,2798.8469,392.399,273.2774,388.0203,10,114.7166,98.7224,164,95.3422,94.6929,742,6.5976,5.1118,6.5976,4.6102,3.7115,2.7973,7.1922,3.4648,2.3788,1.6975,0.3097,0.3715,15,0.5,0.3583,0.0667,8.0879,60,15,15,90,3.2343,,0.4548,58.0449,,,,,,,7,4.27,,,0,0.1,,0.21,0.5,0.4,1.25,1.75,1.75,0,0,0,,,,,2.15,,,2.5,,,,75.6549,34.2825,3.0.257
5,fuelbed_41541.xml,41541,"Xeric upland 0-10 yr old ong-needle pine plantation, >20 yr mFRI",0.8265,0.6552,727.9685,361.6107,234.1173,57.51,74.7306,8,50.0934,65.5214,183,63.5801,72.8015,0.5961,0.5442,675.2257,354.6786,211.6714,47.3489,61.5269,8,36.1295,54.4166,183,45.8567,60.4629,200,1.8183,2.1585,1.8183,1.6189,0.3456,0,0,0.8064,0.2289,0.2008,0.0103,0.0178,3.5,0.5,0.025,0.0167,0.4562,15,25,10,10,0.1521,,,0,,,,,,,2,0.925,,,0,0.05,,0.04,0.15,0.21,0.3,0,0,0,0,0,,,,,0.05,,,,,,,2.8,0.5125,3.0.257
5,fuelbed_41542.xml,41542,"Xeric upland 11-20 yr old ong-needle pine plantation, >20 yr mFRI",1.5071,0.9138,733.1669,305.5495,157.6434,120.5127,149.4612,8,91.3371,91.3775,183,115.9278,101.5305,0.9187,0.6925,664.4952,299.6921,142.5295,99.2199,123.0537,8,55.6803,69.2507,183,70.6712,76.9453,220,2.4552,2.1662,2.4552,1.9118,1.565,2.5962,0,1.0553,0.4446,0.2605,0.0753,0.1088,3,0.5,0.025,0.0333,0.2457,10,15,10,30,0.8468,,,1.1966,,,,,,,1.5,0.6937,,,0,0.03,,0.07,0.15,0.21,0.75,0.38,0.38,0,0,0,,,,,0.1,,,0.5,,,,5.2666,1.4102,3.0.257
5,fuelbed_41543.xml,41543,"Xeric upland 21-40 yr old long-needle pine plantation, >20 yr mFRI",3.2981,1.1368,642.168,287.0263,31.4831,24.7361,298.9225,8,199.8825,113.6778,185,97.0018,59.8304,2.0105,0.8667,576.4616,281.524,28.4647,20.3656,246.1074,8,121.8511,86.6719,183,154.6572,96.3021,431,3.6321,2.0273,3.6321,2.1324,3.2289,2.8548,5.8419,2.7316,1.0711,0.5945,0.2903,0.1863,3,0.5,0.025,0.05,0.3328,15,10,10,50,2.7051,,0.9127,8.6646,,,,,,,1.5,0.6937,,,0,0.01,,0.11,0.3,0.42,1,0.75,0.75,0,0,0,,,,,0.2,,,2.5,,,,16.2046,6.7842,3.0.257
5,fuelbed_41544.xml,41544,"Xeric upland 41-60 yr old long-needle pine plantation, >20 yr mFRI",4.5968,1.5121,889.5115,447.8103,13.7277,1.1327,426.8408,8,278.597,151.2125,186,104.4739,65.7446,3.9488,1.3585,803.9943,439.2257,12.4115,0.9326,351.4245,8,239.3214,135.8488,185,116.1413,71.4994,442,4.2881,2.386,4.2881,2.4594,4.3935,2.9971,7.1922,4.8562,1.865,0.9994,0.5644,0.3012,3.5,0.5,0.025,0.0667,0.6643,25,8,10,85,4.0929,,1.9267,16.1776,,,,,,,2.5,1.1562,,,0,0.01,,0.14,0.5,0.75,1.5,1.25,1.25,0,0,0,,,,,0.5,,,5,,,,29.5776,12.9219,3.0.257
5,fuelbed_42141.xml,42141,"Xeric upland 0-10 yr old oak-pine forest, >20 yr mFRI",0.4185,1.0017,4004.814,349.3214,2629.0249,599.6266,426.8408,8,25.362,100.1727,183,32.1902,111.3031,0.2793,0.7818,3564.6995,342.6249,2376.9683,493.6816,351.4245,8,16.9281,78.1762,183,21.4856,86.8625,200,2.0017,5.0627,1.2938,2.0017,0.2919,0,0,0.6811,0.3313,0.3112,0.0083,0.0118,4.5,2,0.025,0.0167,0.3068,15,10,10,10,0.1521,,,0,,,,,,,1.5,0.6937,,,0,0.5,,0.6,0.15,0.21,0.2,0,0,0,0,0,,,,,0.5,,,,,,,3.66,0.8469,3.0.257
5,fuelbed_42142.xml,42142,"Xeric upland 11-20 yr old oak-pine forest, >20 yr mFRI",0.6855,1.0315,2552.7083,393.8182,1385.1832,346.8659,426.8408,8,41.5438,103.1516,183,52.7286,114.6128,0.4179,0.7746,2275.6526,386.2687,1252.3795,285.58,351.4245,8,25.3256,77.4607,183,32.1441,86.0675,201,2.0313,4.0419,1.6559,2.0313,0.4659,0,0,1.0869,0.7746,0.6104,0.0702,0.094,8,2,0.025,0.0333,0.6045,15,5,10,30,0.9127,,,0.9506,,,,,,,2,0.925,,,0,0.3,,0.6,0.15,0.21,0.5,0.38,0.38,0,0,0,,,,,2.5,,,0.5,,,,8.4706,2.7378,3.0.257
5,fuelbed_42143.xml,42143,"Xeric upland 21-40 yr old oak-pine forest, >20 yr mFRI",2.5792,1.1948,968.3516,468.5938,72.737,0.18,426.8408,8,156.3179,119.4765,185,75.8601,62.8824,1.9904,1.0223,876.9468,459.6108,65.7633,0.1482,351.4245,8,120.6333,102.2316,184,104.7605,85.193,341,3.212,2.4895,3.212,2.1861,4.0255,4.248,5.8419,3.1968,1.4447,0.988,0.2852,0.1715,10,2,0.025,0.05,1.501,25,2,10,50,2.7051,,0.9127,6.7654,,,,,,,3,1.3875,,,0,0.1,,0.7,0.3,0.42,0.75,0.75,0.75,0,0,0,,,,,2.5,,,2.5,,,,18.5354,7.3765,3.0.257
5,fuelbed_42144.xml,42144,"Xeric upland 41-60 yr old oak-pine forest, >20 yr mFRI",3.999,1.4616,955.9073,481.4924,47.5408,0.0333,426.8408,8,242.3647,146.1586,185,117.6182,76.9256,3.2623,1.2838,866.6969,472.2621,42.9828,0.0274,351.4245,8,197.7176,128.3833,185,95.9512,67.5702,452,3.9995,2.4734,3.9995,2.4179,4.966,4.6371,7.1922,4.552,2.3519,1.5262,0.5543,0.2715,10,2,0.025,0.0667,1.4442,25,2,10,85,4.0929,,1.9267,12.8661,,,,,,,3,1.3875,,,0,0.1,,0.7,0.5,0.75,1,1.25,1.25,0,0,0,,,,,5,,,5,,,,31.4161,13.6768,3.0.257
5,fuelbed_42145.xml,42145,"Xeric upland 61-100 yr old oak-pine forest, >20 yr mFRI",3.5415,1.2912,836.533,390.4053,19.286,0.0009,426.8408,8,214.6378,129.1181,185,104.1625,67.9569,2.8581,1.1244,751.7833,382.9212,17.437,0.0007,351.4245,8,173.2168,112.4442,184,150.4251,93.7035,463,3.7638,2.3138,3.7638,2.2726,5.5637,3.5689,9,6.4121,2.8642,1.8714,0.6223,0.3705,8,2,0.025,0.075,0.6996,20,2,10,85,6.9179,,2.5352,27.022,,,,,,,2,0.925,,,0,0.1,,0.8,0.7,1,1.25,1.75,1.75,0,0,0,,,,,5,,,5.5,,,,46.872,20.9235,3.0.257
5,fuelbed_42146.xml,42146,"Xeric upland >100 yr old oak-pine forest, >20 yr mFRI",3.5416,1.2912,836.5299,390.4238,19.2644,0.0009,426.8408,8,214.6453,129.1209,185,104.1661,67.9584,2.8582,1.1245,751.782,382.9394,17.4174,0.0007,351.4245,8,173.2242,112.4471,184,150.4316,93.7059,463,3.7639,2.3138,3.7639,2.2726,5.5637,3.5689,9,6.4121,2.8892,1.8765,0.6274,0.3853,8,2,0.025,0.075,0.6996,20,2,10,85,6.9179,,2.5352,27.022,,,,,,,2,0.925,,,0,0.1,,0.8,0.7,1,1.5,1.75,1.75,0,0,0,,,,,5,,,5.5,,,,47.122,20.9235,3.0.257
5,fuelbed_43141.xml,43141,Xeric upland 0-10 yr old oak forest >20 yr mFRI,0.5227,0.4479,510.0677,116.3936,241.8419,77.058,74.7742,8,31.6791,44.7875,181,74.6722,89.5749,0.3186,0.3374,457.8235,114.1624,218.6554,63.4431,61.5627,8,19.312,33.7433,181,45.5212,67.4865,100,1.446,1.8068,1.446,1.3385,0,0,0,0,0.1176,0.0982,0.0066,0.0128,3,0.5,0.025,0.0167,0.205,10,25,10,10,0.196,,,0,,,,,,,0.65,0.3006,,,0,0.05,,0.04,0.25,0.15,0.2,0,0,0,0,0,,,,,0.05,,,,,,,1.39,0.2003,3.0.257
5,fuelbed_43142.xml,43142,"Xeric upland 11-20 yr old oak forest, >20 yr mFRI",1.4488,0.8443,600.9182,139.2033,155.6416,155.8205,150.2527,8,87.804,84.4326,183,111.4435,93.814,0.8832,0.6298,529.249,136.5348,140.7196,128.2894,123.7053,8,53.5265,62.9828,183,67.9375,69.9809,220,2.4073,1.9611,2.4073,1.8377,1.7688,3.2345,0,0.8926,0.3176,0.226,0.0164,0.0752,5,0.5,0.025,0.0333,1.2831,35,15,10,30,1.1761,,,1.1351,,,,,,,1.25,0.5781,,,0,0.03,,0.07,0.35,0.2,0.5,0.25,0.25,0,0,0,,,,,0.1,,,,,,,4.1351,0.9216,3.0.257
5,fuelbed_43143.xml,43143,"Xeric upland 21-40 yr old oak forest, >20 yr mFRI",2.118,0.9433,625.1125,381.8476,28.7573,18.2253,196.2823,8,128.3642,94.3292,183,162.9238,104.8102,1.5254,0.7856,577.1351,374.5276,26.0002,15.0052,161.6022,8,92.4506,78.5635,183,117.3411,87.2927,321,2.9107,2.0002,2.9107,1.9425,2.0405,2.6323,0,2.1284,0.6585,0.4711,0.0737,0.1136,5,0.5,0.025,0.05,1.8884,45,10,10,50,3.0056,,0.3267,6.8419,,,,,,,3,1.3875,,,0,0.01,,0.1,0.5,0.25,0.75,0.38,0.38,0,0,0,,,,,0.2,,,0.5,,,,12.9119,4.6197,3.0.257
5,fuelbed_43144.xml,43144,"Xeric upland 41-60 yr old oak forest, >20 yr mFRI",5.0656,1.5806,904.2935,394.6625,16.5982,2.3271,490.7056,8,307.0059,158.0587,186,115.1272,68.7212,4.0909,1.3723,808.025,387.0967,15.0069,1.916,404.0053,8,247.933,137.2346,185,120.3204,72.2288,541,4.5014,2.4057,4.5014,2.5144,3.5545,2.8769,5.8419,3.4691,0.902,0.616,0.1132,0.1728,5,0.5,0.025,0.0667,1.8066,45,8,10,85,4.7372,,0.9311,13.1992,,,,,,,3,1.3875,,,0,0.01,,0.14,0.6,0.33,1,0.63,0.63,0,0,0,,,,,0.5,,,0.8,,,,20.8392,8.1883,3.0.257
5,fuelbed_43145.xml,43145,"Xeric upland 61-100 yr old oak forest, >20 yr mFRI",5.2535,1.4835,784.6835,291.9361,0,0.018,492.7294,8,318.3923,148.3523,185,154.5139,78.0801,4.3596,1.2968,692.026,286.3397,0,0.0148,405.6716,8,264.216,129.6815,185,128.2225,68.2534,521,4.5841,2.241,4.5841,2.436,2.1119,2.53,7.1922,0,1.0972,0.7009,0.1435,0.2528,5,0.5,0.025,0.075,1.045,30,5,10,85,6.7823,,1.2251,21.4986,,,,,,,2,0.925,,,0,0,,0.17,0.75,0.37,1.25,1,1,0,0,0,,,,,0.7,,,1,,,,29.7386,12.3618,3.0.257
5,fuelbed_43146.xml,43146,"Xeric upland >100 yr old oak forest, >20 yr mFRI",5.0177,1.493,821.8684,329.1382,0,0.0007,492.7294,8,304.1034,149.3007,185,147.5796,78.5793,4.1818,1.3108,728.5008,322.8286,0,0.0006,405.6716,8,253.4451,131.0844,185,122.9954,68.9918,421,4.48,2.2935,4.48,2.4438,2.1149,2.537,7.1922,0,1.1622,0.7442,0.1492,0.2688,5,0.5,0.025,0.075,0.8045,25,5,10,85,6.7823,,1.2251,21.4986,,,,,,,2,0.925,,,0,0,,0.21,1,0.43,1.5,1,1,0,0,0,,,,,0.75,,,1,,,,30.3886,12.3868,3.0.257
5,fuelbed_44141.xml,44141,"Xeric upland 0-10 yr old sand pine forest, >20 yr mFRI",2.3001,2.1869,3753.6445,330.6795,2810.9854,489.0579,122.9218,9,33.7256,87.4774,183,176.9295,242.9927,1.6341,1.7659,3369.6758,324.3403,2541.4834,402.6488,101.2034,8,99.0381,176.5851,188,35.5245,58.8617,310,3.0332,4.9014,3.0332,2.9577,0.5932,0,0,1.3839,0.3649,0.2759,0.019,0.07,3,1,0.0333,0.0167,0.1288,15,10,70,10,0.1904,,,0.0139,,,,,,,0.65,0.3006,,,0,0.7,,0.6,0.4,0.2,0.5,0.25,0.25,0,0,0,,,,,0.05,,,,,,,3.6139,0.5323,3.0.257
5,fuelbed_44142.xml,44142,"Xeric upland 11-20 yr old sand pine forest, >20 yr mFRI",2.2004,1.6678,1821.8407,544.0715,713.5245,318.4011,245.8436,8,133.3549,166.7824,186,50.0081,72.5141,1.5848,1.3601,1643.3085,533.6417,645.1157,262.1444,202.4068,8,96.048,136.0097,187,68.904,75.5609,331,2.9667,3.4146,2.9667,2.5829,3.1541,4.911,0,2.448,0.8055,0.5883,0.0908,0.1264,3.5,1,0.0333,0.0333,0.3544,25,5,70,30,1.7769,,0.55,1.0292,,,,,,,1.25,0.5781,,,0,0.2,,0.6,0.4,0.2,1.5,0.25,0.25,0,0,0,,,,,0.1,,,0.5,,,,6.2792,1.3537,3.0.257
5,fuelbed_44143.xml,44143,"Xeric upland 21-40 yr old sand pine forest, >20 yr mFRI",4.1572,2.14,1615.7866,489.4375,337.7193,296.9427,491.6872,9,60.956,85.5988,183,319.7846,237.7744,2.5343,1.6081,1434.6865,480.055,305.3406,244.4774,404.8135,8,153.5931,160.8118,186,57.5974,69.9182,442,4.0778,3.2157,4.0778,2.9257,4.2659,2.7032,8.1225,4.5423,1.6114,1.1747,0.2963,0.1405,3.5,1,0.0333,0.05,0.1925,15,5,70,50,5.4788,,1.1,25.5334,,,,,,,1,0.4625,,,0,0.1,,0.7,0.4,0.2,1.75,0.25,0.25,0,0,0,,,,,0.2,,,2.5,,,,32.8834,15.1479,3.0.257
5,fuelbed_44144.xml,44144,"Xeric upland 41-60 yr old sand pine forest, >20 yr mFRI",4.4013,2.1003,1489.5151,304.9311,337.2176,295.3459,552.0206,9,64.5347,84.0109,183,338.559,233.3635,2.6831,1.5666,1301.6222,299.0856,304.8871,243.1627,454.4868,8,162.6104,156.6646,186,60.9789,68.1151,442,4.1958,3.0875,4.1958,2.8985,4.4327,2.3204,8.507,5.1861,2.0256,1.5693,0.3017,0.1546,3,1,0.0333,0.0667,0.0894,10,5,70,85,7.9327,,1.4385,73.559,,,,,,,0.6,0.2775,,,0,0.1,,0.7,0.4,0.2,2,0.25,0.25,0,0,0,,,,,0.5,,,2.5,,,,81.059,39.2182,3.0.257
5,fuelbed_44145.xml,44145,Xeric upland 61-100 yr old sand pine forest and >20 yr mFRI,3.4721,1.6262,972.5866,0,0,266.1384,706.4482,8,210.4282,162.6237,186,78.9106,70.706,2.1166,1.1843,800.7452,0,0,219.1157,581.6295,8,128.2799,118.4321,161,92.0269,74.0201,442,3.7267,2.4949,3.7267,2.5505,4.4555,1.7513,8.507,5.8084,2.0154,1.6764,0.269,0.07,0,,0.0333,0.1667,0.0233,0,,70,70,6.3461,,2.1577,81.3649,,,,,,,,,,,0,,,0.8,0.4,0.2,0.5,0.25,0.25,0,0,0,,,,,3.5,,,2.5,,,,89.7649,44.4324,3.0.257
5,fuelbed_44146.xml,44146,Xeric upland >100 yr old sand pine forest and >20 yr mFRI,4.3142,1.7971,972.5866,0,0,266.1384,706.4482,8,261.464,179.7072,186,98.049,78.1336,2.63,1.3087,800.7452,0,0,219.1157,581.6295,8,159.392,130.8733,185,77.352,68.8807,453,4.1541,2.4949,4.1541,2.6811,5.1999,3.3528,8.507,5.9438,2.789,2.45,0.269,0.07,0,,0.0333,0.2917,0.0233,0,,70,70,7.9327,2.8558,2.6971,95.7662,,,,,,,,,,,0,,,0.8,0.4,0.2,0.5,0.25,0.25,0,0,0,,,,,4.5,,,2.5,,,,105.1662,52.1331,3.0.257
5,fuelbed_44541.xml,44541,"Xeric upland 0-10 yr old sand pine plantation, >20 year mFRI",2.4513,1.3385,994.3514,560.8926,200.2685,110.2685,122.9218,8,148.5636,133.8452,161,106.5782,83.6532,1.8521,1.1341,923.1971,550.1402,181.0679,90.7857,101.2034,8,112.2507,113.4104,187,80.5277,63.0058,310,3.1313,2.5227,3.1313,2.3138,0.5296,0,0,1.2355,0.2809,0.2075,0.0146,0.0587,3,0.5,0.0333,0.0167,0.3546,15,25,70,10,0.1904,,,0.0139,,,,,,,1.5,0.6937,,,0,0.05,,0.04,0.4,0.2,0.3,0.25,0.25,0,0,0,,,,,0.05,,,,,,,3.0539,0.4038,3.0.257
5,fuelbed_44542.xml,44542,"Xeric upland 11-20 yr old sand pine plantation, >20 yr mFRI",3.9063,1.9584,1378.6129,839.2859,128.281,165.2023,245.8436,8,236.7468,195.8416,186,88.78,85.1485,2.939,1.6549,1277.599,823.1966,115.9821,136.0136,202.4068,8,178.1208,165.4927,186,66.7953,71.9533,431,3.9529,2.9704,3.9529,2.7989,3.4782,5.2662,0,2.8489,0.7443,0.5857,0.0744,0.0841,3.5,0.5,0.0333,0.0333,0.7374,25,15,70,30,1.7769,,0.55,1.0292,,,,,,,2.5,1.1562,,,0,0.03,,0.07,0.4,0.2,0.75,0.25,0.25,0,0,0,,,,,0.1,,,0.5,,,,6.0792,1.5577,3.0.257
5,fuelbed_44543.xml,44543,"Xeric upland 21-40 yr old sand pine plantation, >20 yr mFRI",4.3023,2.1351,1516.8176,769.0319,43.539,212.5594,491.6872,9,63.0842,85.404,183,330.9497,237.2332,2.6228,1.6227,1373.4712,754.2896,39.3647,175.0034,404.8135,8,158.9557,162.2701,186,59.6084,70.5522,442,4.1484,3.1157,4.1484,2.9224,4.4211,2.7006,8.1225,4.9073,1.5355,1.1574,0.2799,0.0982,3.5,0.5,0.0333,0.05,0.4202,15,10,70,50,5.4788,,1.1,25.5334,,,,,,,2,0.925,,,0,0.01,,0.11,0.4,0.2,1,0.25,0.25,0,0,0,,,,,0.2,,,2.5,,,,32.4534,15.3342,3.0.257
5,fuelbed_44544.xml,44544,"Xeric upland 41-60 yr old sand pine plantation, >20 yr mFRI",4.6075,2.1945,1496.3235,660.1476,43.5829,240.5725,552.0206,9,67.5593,87.7799,186,104.7169,95.4129,2.8088,1.6589,1339.4507,647.4924,39.4044,198.067,454.4868,8,170.2315,165.8874,186,63.8368,72.125,452,4.293,3.0946,4.293,2.9628,4.5048,2.3651,8.507,5.3096,1.9709,1.5537,0.2908,0.1264,3,0.5,0.0333,0.0667,0.2216,10,8,70,85,7.9327,,1.4385,73.559,,,,,,,1.5,0.6937,,,0,0.01,,0.14,0.4,0.2,1.5,0.25,0.25,0,0,0,,,,,0.5,,,2.5,,,,80.809,39.3813,3.0.257
4,fuelbed_21111.xml,21111,"Mesic flatland 0-10 yr old longleaf pine forest, 1-3 yr mFRI",4.665,2.0961,2218.1958,358.1754,1785.8722,18.6837,55.4644,9,68.4019,83.8453,183,358.8469,232.9035,4.3678,2.0118,2164.6316,355.224,1743.0314,16.7254,49.6509,9,64.0437,80.4733,183,335.9829,223.537,400,4.3197,3.7678,4.3197,2.8956,0.4,0,0,0.9333,0.1557,0.146,0.0038,0.006,1,1.5,0.1667,0.0083,0.6601,5,75,5,20,0.0431,,,0.0422,,,,,,,0.5,0.325,,,0,0.6,,0.09,0.09,0.09,0.1,0,0,0,0,0,,,,,0.03,,,,,,,1.5422,0.4986,3.0.257
4,fuelbed_21112.xml,21112,"Mesic flatland 11-20 yr old longleaf pine forest, 1-3 yr mFRI",4.8206,2.5921,2920.335,906.6511,1866.7195,26.0579,120.9065,9,70.6828,103.6851,188,104.7949,86.4042,4.5136,2.4906,2852.6799,899.1804,1821.9392,23.3267,108.2337,9,66.1823,99.6228,186,102.5826,108.2857,420,4.3912,4.3232,4.3912,3.22,1.7243,2.7248,0,1.2982,0.2914,0.2379,0.0101,0.0433,1.5,1.5,0.1667,0.0083,0.4766,8,65,5,40,0.2156,,,0.3933,,,,,,,1,0.65,,,0,0.6,,0.11,0.09,0.09,0.3,0.15,0.15,0,0,0,,,,,0.05,,,,,,,2.9333,0.8467,3.0.257
4,fuelbed_21113.xml,21113,"Mesic flatland 21-40 yr old longleaf pine forest, 1-3 yr mFRI",5.0939,2.7334,2954.2615,955.132,1628.4259,42.4264,328.277,9,74.6908,109.336,188,110.7372,91.1133,4.6905,2.5979,2868.4719,947.2619,1589.3619,37.9795,293.8687,9,68.776,103.916,188,101.9679,86.5966,521,4.5139,4.3482,4.5139,3.3066,1.8765,2.2355,0,2.1426,0.5515,0.4448,0.0201,0.0867,1.8,1.5,0.1667,0.0167,0.3952,10,55,5,60,0.9703,,0.1811,6.0189,,,,,,,1,0.65,,,0,0.5,,0.13,0.17,0.17,0.6,0.3,0.3,0,0,0,,,,,0.1,,,,,,,9.2889,3.6345,3.0.257
4,fuelbed_21114.xml,21114,"Mesic flatland 41-60 yr old longleaf pine forest, 1-3 yr mFRI",6.237,3.2783,3578.7329,982.8,1703.663,71.5775,820.6925,9,91.4514,131.132,189,90.3911,76.2396,4.8966,2.88,3436.2429,974.7018,1662.7942,64.0751,734.6716,9,71.7983,115.1983,189,70.9659,66.9757,521,4.9948,4.7858,4.9948,3.6212,1.8517,2.0626,0,2.2579,0.7862,0.6269,0.0297,0.1296,2,1.5,0.1667,0.05,0.3833,10,55,5,95,1.6172,,0.1725,30.8688,,,,,,,1,0.65,,,0,0.5,,0.14,0.35,0.35,0.75,0.5,0.5,0,0,0,,,,,0.25,,,,,,,35.2088,16.1344,3.0.257
4,fuelbed_21115.xml,21115,"Mesic flatland 61-100 yr old longleaf pine forest, 1-3 yr mFRI",6.3907,3.2896,3403.7905,993.316,1354.979,72.4443,983.0514,9,93.7058,131.5857,189,92.6194,76.5033,5.0174,2.8848,3252.47,985.1312,1322.4749,64.8511,880.0129,9,73.5683,115.3919,189,72.7153,67.0883,521,5.056,4.6674,5.056,3.6275,1.7128,1.7857,0,2.2107,0.8222,0.6429,0.0348,0.1445,2,1.5,0.1667,0.0667,0.3473,10,55,5,95,1.6172,,0.1725,53.7059,,,,,,,1,0.65,,,0,0.4,,0.15,0.35,0.35,1,0.5,0.5,0,0,0,,,,,0.45,,,,,,,58.4059,27.6029,3.0.257
4,fuelbed_21116.xml,21116,"Mesic flatland >100 yr old longleaf pine forest, 1-3 yr mFRI",6.2404,3.2644,3421.5083,998.0516,1363.4332,76.9723,983.0514,9,91.5017,130.5754,189,90.4408,75.9159,4.8993,2.8625,3269.4714,989.8279,1330.7263,68.9044,880.0129,9,71.8378,114.4998,189,71.0049,66.5696,521,4.9962,4.6795,4.9962,3.6135,1.701,1.7797,0,2.1891,0.8932,0.674,0.0449,0.1743,2,1.5,0.1667,0.0917,0.3448,10,55,5,95,1.6172,,0.1725,53.7059,,,,,,,1,0.65,,,0,0.4,,0.16,0.35,0.35,1.5,0.5,0.5,0,0,0,,,,,0.65,,,,,,,59.1159,27.7029,3.0.257
4,fuelbed_21513.xml,21513,"Mesic flatland 21-40 yr old long-needle pine plantation, 1-3 yr mFRI",7.6861,3.9067,3617.7817,1942.7458,1304.1434,42.6154,328.277,9,112.6998,156.2672,146,41.3233,47.6425,7.0251,3.7121,3531.614,1926.7379,1272.8588,38.1487,293.8687,9,103.0073,148.4832,189,101.8131,86.3275,621,5.5448,4.8118,5.5448,3.9531,2.1637,2.6111,0,2.4372,0.6358,0.529,0.0201,0.0867,1.8,1.5,0.1667,0.0167,0.53,30,50,5,60,0.9703,,0.1811,7.9491,,,,,,,2,1.3,,,0,0.4,,0.13,0.17,0.17,0.6,0.3,0.3,0,0,0,,,,,0.1,,,,,,,12.1191,4.8745,3.0.257
4,fuelbed_21514.xml,21514,"Mesic flatland 41-60 yr old long-needle pine plantation, 1-3 yr mFRI",7.1033,4.0002,4214.1206,1945.5002,1373.9335,73.9943,820.6925,10,94.9638,85.1096,162,78.0582,129.0372,6.3929,3.7573,4071.3545,1929.4698,1340.9745,66.2386,734.6716,9,93.737,150.2911,189,92.6502,87.3786,521,5.3304,5.1933,5.3304,4.0001,2.0348,2.249,0,2.4985,0.8704,0.7112,0.0297,0.1296,2,1.5,0.1667,0.05,0.549,30,50,5,95,1.6172,,0.1725,40.9077,,,,,,,2,1.3,,,0,0.4,,0.14,0.35,0.35,0.75,0.5,0.5,0,0,0,,,,,0.25,,,,,,,46.1477,21.4289,3.0.257
4,fuelbed_31121.xml,31121,"Mesic upland 0-10 yr old longleaf pine forest, 4-8 yr mFRI",2.4378,1.6344,2426.9592,558.3195,1530.8562,23.4779,314.3058,8,147.7446,163.4373,186,55.4042,71.0597,2.1036,1.5037,2336.6387,553.7191,1480.5408,21.017,281.3618,8,127.4888,150.3746,186,47.8083,65.3803,300,3.1227,3.9411,3.1227,2.5569,0.3581,0,0,0.8356,0.2421,0.2321,0.004,0.0059,3,0.8,0.2083,0.0083,0.6894,30,40,10,15,0.1025,,,0,,,,,,,2,0.94,,,0,0.4,,0.04,0.09,0.1,0.1,0,0,0,0,0,,,,,0.25,,,,,,,2.98,0.795,3.0.257
4,fuelbed_31122.xml,31122,"Mesic upland 11-20 yr old longleaf pine forest, 4-8 yr mFRI",6.2426,2.8372,2960.6047,735.9999,1696.259,67.8852,460.4604,9,91.5331,113.4867,189,90.4718,65.9806,5.4936,2.6285,2843.4099,729.9355,1640.5073,60.7698,412.1972,9,80.5519,105.1406,188,119.427,87.6172,521,4.997,4.3529,4.997,3.3688,2.314,3.3156,0,2.0834,0.53,0.4198,0.0192,0.0909,4,0.8,0.2083,0.025,1.3514,45,30,10,35,0.3676,,,0.3655,,,,,,,3,1.41,,,0,0.4,,0.07,0.18,0.21,0.45,0.38,0.38,0,0,0,,,,,0.45,,,,,,,5.8855,1.3128,3.0.257
4,fuelbed_31123.xml,31123,"Mesic upland 21-40 yr old longleaf pine forest, 4-8 yr mFRI",5.9765,2.905,2941.6816,880.2351,1344.7094,130.2642,586.4731,9,87.632,116.2002,189,86.6159,67.5583,5.2721,2.6876,2815.1067,872.9821,1300.5121,116.6105,525.002,9,77.3029,107.5046,188,114.6099,89.5872,541,4.8894,4.339,4.8894,3.4088,3.5099,2.7741,7.1922,3.0177,1.0395,0.7845,0.0837,0.1713,3,0.8,0.2083,0.0417,1.4007,60,25,10,55,1.8048,,,3.9493,,,,,,,3.5,1.645,,,0,0.3,,0.11,0.25,0.34,0.75,0.75,0.75,0,0,0,,,,,0.65,,,0.5,,,,11.8493,3.6722,3.0.257
4,fuelbed_31124.xml,31124,"Mesic upland 41-60 yr old longleaf pine forest, 4-8 yr mFRI",5.156,2.899,3248.2168,897.8568,1452.9736,221.8992,675.487,9,75.6005,115.9594,189,74.7239,67.4183,4.5391,2.6718,3099.0034,890.4587,1405.2179,198.6409,604.6858,9,66.5561,106.8703,188,98.6766,89.0586,531,4.5413,4.5595,4.5413,3.4053,3.1821,2.1495,7.1922,2.8775,1.1252,0.8492,0.09,0.186,3,0.8,0.2083,0.0583,1.3586,60,15,10,90,1.9384,,,7.9567,,,,,,,3.5,1.645,,,0,0.3,,0.14,0.3,0.4,1,0.75,0.75,0,0,0,,,,,0.85,,,0.5,,,,16.4467,5.7759,3.0.257
4,fuelbed_31125.xml,31125,"Mesic upland 61-100 yr old longleaf pine forest, 4-8 yr mFRI",4.0513,2.5448,2838.7561,885.7872,987.8097,289.6722,675.487,9,59.4029,101.7924,188,88.0713,84.827,3.419,2.2947,2697.8276,878.4887,955.3429,259.3103,604.6858,9,50.1319,91.7886,186,77.7045,99.7702,431,4.0256,4.2624,4.0256,3.1905,3.0579,1.8592,7.1922,2.8781,1.4108,1.1147,0.0953,0.2008,3,0.8,0.2083,0.075,1.3789,60,10,10,90,3.1416,,,43.0241,,,,,,,3.5,1.645,,,0,0.2,,0.18,0.35,0.41,1.25,0.75,0.75,0,0,0,,,,,1.05,,,0.5,,,,51.9641,23.3596,3.0.257
4,fuelbed_31126.xml,31126,"Mesic upland >100 yr old longleaf pine forest, 4-8 yr mFRI",4.0756,2.3851,2243.0156,765.9046,493.5546,308.0693,675.487,9,59.7599,95.4042,186,92.6278,103.7002,3.1998,2.0743,2117.3914,759.5938,477.3328,275.779,604.6858,9,46.9174,82.9705,183,246.1357,230.4737,431,4.0376,3.7888,4.0376,3.0888,3.0279,1.8075,7.1922,2.8598,1.4078,1.0932,0.099,0.2156,3,0.8,0.2083,0.0917,1.1514,50,10,10,90,3.1416,,,43.0241,,,,,,,3,1.41,,,0,0.1,,0.21,0.35,0.34,1.5,0.75,0.75,0,0,0,,,,,1.25,,,0.5,,,,51.7741,23.2921,3.0.257
4,fuelbed_31523.xml,31523,"Mesic upland 21-40 yr old  long-needle pine plantation, 4-8 yr mFRI",9.9923,4.6092,4010.4707,1938.3618,1322.3513,134.3528,615.4047,10,133.5864,98.0674,164,111.0251,94.0646,8.9217,4.3136,3872.4507,1922.3901,1278.8889,120.2706,550.9011,10,119.2746,91.7795,164,99.1305,88.0334,641,6.3221,5.0663,6.3221,4.2938,3.7275,2.9089,7.1922,3.3906,1.1395,0.883,0.0845,0.172,5,0.8,0.2083,0.0417,1.9988,50,25,15,55,1.9406,,0.1132,15.5783,,,,,,,3,1.95,,,0,0.3,,0.11,0.25,0.4,0.75,0.75,0.75,0,0,0,,,,,0.65,,,0.5,,,,23.0383,9.6391,3.0.257
4,fuelbed_31524.xml,31524,"Mesic upland 41-60 yr old  long-needle pine plantation, 4-8 yr mFRI",9.4282,4.7031,4333.9429,2073.3352,1425.1522,220.0509,615.4047,10,126.0453,100.0659,163,47.3778,74.6524,8.4393,4.4015,4182.4497,2056.2515,1378.3112,196.9862,550.9011,10,112.8255,93.65,164,93.7705,89.8275,642,6.1411,5.2666,6.1411,4.3373,3.5743,2.4939,7.1922,3.4482,1.6493,1.2338,0.1013,0.3142,7,0.8,0.2083,0.0583,2.8168,50,15,15,90,3.2343,,0.1078,57.6015,,,,,,,3.5,2.275,,,0,0.3,,0.14,0.3,0.42,1,1.5,1.5,0,0,0,,,,,0.85,,,0.5,,,,67.6115,30.9133,3.0.257
4,fuelbed_41131.xml,41131,"Xeric upland 0-10 yr old longleaf pine forest, 9-20 yr mFRI",1.016,0.7119,1049.3318,108.2608,541.8691,12.3145,386.8874,8,61.5767,71.1914,183,78.155,79.1015,0.8661,0.6429,984.4814,107.3687,519.7532,11.0238,346.3358,8,52.4931,64.2862,183,66.6258,71.4292,200,2.016,2.5915,2.016,1.6875,0.4026,0,0,0.9393,0.2605,0.2043,0.0074,0.0488,4,0.7,0.1583,0.0417,0.2102,5,45,10,10,0.4704,,,0.0132,,,,,,,0.6,0.2775,,,0,0.15,,0.03,0.1,0.09,0.1,0.25,0.25,0,0,0,,,,,0.95,,,,,,,2.5332,0.6953,3.0.257
4,fuelbed_41132.xml,41132,"Xeric upland 11-20 yr old longleaf pine forest, 9-20 yr mFRI",2.3054,1.1301,1106.0994,122.4099,419.9395,45.5585,518.1914,8,139.7215,113.0054,161,100.235,70.6284,1.9575,1.0131,1028.8617,121.4012,402.8001,40.7833,463.8771,8,118.6393,101.3106,184,103.0289,84.4255,331,3.0367,2.6606,3.0367,2.1261,2.564,4.1464,0,1.8358,0.5941,0.4785,0.015,0.1006,6,0.7,0.1583,0.0667,0.4143,10,35,10,30,0.8456,,0.7057,0.5245,,,,,,,0.8,0.37,,,0,0.1,,0.05,0.25,0.14,0.25,0.5,0.5,0,0,0,,,,,1.5,,,,,,,4.6145,1.2472,3.0.257
4,fuelbed_41133.xml,41133,"Xeric upland 21-40 yr old longleaf pine forest, 9-20 yr mFRI",2.4892,1.3787,1216.4288,146.7778,253.4622,179.0877,637.1012,8,150.8619,137.8714,185,73.2124,72.5639,1.9543,1.1846,1119.3257,145.5684,243.1174,160.3166,570.3234,8,118.4414,118.4623,161,84.9688,74.039,341,3.1555,2.7902,3.1555,2.3484,4.3534,4.5209,7.6902,3.0729,1.4359,1.1524,0.1249,0.1586,6,0.7,0.1583,0.075,0.5764,15,25,10,50,3.6207,,1.0944,20.3057,,,,,,,1,0.4625,,,0,0.05,,0.08,0.5,0.21,0.5,0.75,0.75,0,0,0,,,,,1.95,,,1,,,,27.0957,12.1841,3.0.257
4,fuelbed_41134.xml,41134,"Xeric upland 41-60 yr old longleaf pine forest, 9-20 yr mFRI",3.964,1.7948,1204.6904,153.6186,156.4613,257.5094,637.1012,8,240.2407,179.4764,186,90.0903,78.0332,3.1121,1.5389,1103.2703,152.3528,150.0755,230.5185,570.3234,8,188.6125,153.8855,186,70.7297,66.9067,442,3.9819,2.7767,3.9819,2.6794,3.7629,2.2069,9,3.5726,1.679,1.2276,0.2348,0.2165,6,0.7,0.1583,0.0833,0.5372,15,10,10,85,3.6095,,1.6335,81.2092,,,,,,,1,0.4625,,,0,0.03,,0.11,0.6,0.28,0.75,1,1,0,0,0,,,,,2.15,,,2,,,,90.1292,43.5258,3.0.257
4,fuelbed_41135.xml,41135,"Xeric upland 61-100 yr old longleaf pine forest, 9-20 yr mFRI",3.9491,1.8032,1174.5468,161.1862,100.9953,275.2641,637.1012,8,239.3408,180.3186,186,89.7528,78.3994,3.1004,1.5452,1073.467,159.858,96.8733,246.4122,570.3234,8,187.906,154.5211,186,70.4647,67.1831,442,3.9745,2.7417,3.9745,2.6857,3.746,1.9581,9,3.7819,2.0644,1.4952,0.2948,0.2744,6,0.7,0.1583,0.0833,0.5018,15,10,10,85,4.0106,,3.9204,90.9598,,,,,,,1,0.4625,,,0,0.02,,0.13,0.75,0.35,1,1.25,1.25,0,0,0,,,,,2.35,,,2.5,,,,101.5598,48.8962,3.0.257
4,fuelbed_41136.xml,41136,"Xeric upland >100 yr old longleaf pine forest, 9-20 yr mFRI",3.9279,1.74,1098.7579,172.4544,46.2875,242.9148,637.1012,8,238.0571,174.0049,186,89.2714,75.6543,3.0838,1.4915,1003.2088,171.0334,44.3983,217.4536,570.3234,8,186.8981,149.1511,185,90.7005,78.5006,442,3.9638,2.6518,3.9638,2.6382,3.8053,1.8216,9,4.0568,2.3958,1.7591,0.3043,0.3324,6,0.7,0.1583,0.0833,0.4546,15,5,10,85,4.9324,,3.9204,99.8883,,,,,,,1,0.4625,,,0,0.01,,0.16,1,0.4,1.25,1.5,1.5,0,0,0,,,,,2.75,,,2.5,,,,111.9583,53.5554,3.0.257
4,fuelbed_41532.xml,41532,"Xeric upland 11-20 yr old long-needle pine plantation, 9-20 yr mFRI",2.2781,1.003,921.2997,70.7268,419.9395,45.5585,385.075,8,138.0683,100.2978,184,119.9014,83.5815,1.9234,0.8973,858.4407,70.144,402.8001,40.7833,344.7133,8,116.5716,89.7288,183,147.9563,99.6987,321,3.0187,2.4282,3.0187,2.003,2.4642,3.9368,0,1.8127,0.574,0.4584,0.015,0.1006,4.5,0.7,0.1583,0.0667,0.396,15,35,10,30,0.8456,,0.7057,0.6897,,,,,,,0.5,0.2312,,,0,0.1,,0.05,0.25,0.14,0.25,0.5,0.5,0,0,0,,,,,1.5,,,,,,,4.4797,1.2605,3.0.257
4,fuelbed_41533.xml,41533,"Xeric upland 21-40 yr old long-needle pine plantation, 9-20 yr mFRI",2.1719,1.1873,1018.5253,114.6853,253.4622,179.0877,471.2901,8,131.6314,118.7288,161,94.4312,74.2055,1.7052,1.0206,939.0661,113.7403,243.1174,160.3166,421.8918,8,103.3435,102.0578,184,89.7457,85.0482,341,2.9475,2.5531,2.9475,2.1793,4.237,4.2364,7.6902,3.0859,1.4191,1.1356,0.1249,0.1586,5,0.7,0.1583,0.075,0.4339,15,25,10,50,3.6207,,1.0944,26.9851,,,,,,,0.75,0.3469,,,0,0.05,,0.08,0.5,0.21,0.5,0.75,0.75,0,0,0,,,,,1.95,,,1,,,,33.5251,15.466,3.0.257
4,fuelbed_41534.xml,41534,"Xeric upland 41-60 yr old long-needle pine plantation, 9-20 yr mFRI",2.8412,1.446,1038.8794,153.6186,156.4613,257.5094,471.2901,8,172.1965,144.6023,185,83.566,76.1065,2.2307,1.2413,954.8386,152.3528,150.0755,230.5185,421.8918,8,135.1912,124.1349,161,96.985,77.5843,342,3.3712,2.5785,3.3712,2.405,3.6757,2.009,9,3.567,1.679,1.2276,0.2348,0.2165,6,0.7,0.1583,0.0833,0.5372,15,10,10,85,3.6095,,1.6335,107.7407,,,,,,,1,0.4625,,,0,0.03,,0.11,0.6,0.28,0.75,1,1,0,0,0,,,,,2.15,,,2,,,,116.6607,56.7916,3.0.257
3,fuelbed_41523.xml,41523,"Xeric upland 21-40 yr old long-needle pine plantation, 4-8 yr mFRI",3.4973,1.3504,1083.5088,111.9081,332.2982,23.8978,615.4047,8,211.9593,135.0358,185,102.8626,71.0715,3.2428,1.2883,1054.8667,111.6693,329.6431,22.9353,590.619,8,196.5331,128.8323,185,95.3763,67.8065,451,3.7402,2.6333,3.7402,2.3241,4.5315,4.4802,7.6902,3.5292,1.0983,0.921,0.1109,0.0664,3,0.8,0.0417,0.075,0.2492,10,45,10,50,3.5039,,1.0211,26.9742,,,,,,,0.65,0.3006,,,0,0.1,,0.05,0.19,0.08,0.25,0.3,0.3,0,0,0,,,,,0.65,,,1,,,,30.5442,14.8124,3.0.257
3,fuelbed_41121.xml,41121,"Xeric upland 0-10 yr old longleaf pine forest, 4-8 yr mFRI",1.7712,0.8805,968.9651,82.8449,565.8731,5.9414,314.3058,8,107.3482,88.053,183,136.2496,97.8367,1.7149,0.8607,951.369,82.6681,561.3518,5.7021,301.647,8,103.9322,86.0746,183,131.914,95.6385,300,2.6618,2.4903,2.6618,1.8767,0.4716,0,0,1.1003,0.1632,0.1257,0.0058,0.0317,2,0.8,0.0417,0.0417,0.2646,5,65,10,10,0.4389,,,0.0126,,,,,,,0.5,0.2312,,,0,0.2,,0.02,0.08,0.08,0.1,0.15,0.15,0,0,0,,,,,0.25,,,,,,,1.5426,0.3469,3.0.257
3,fuelbed_41122.xml,41122,"Xeric upland 11-20 yr old longleaf pine forest, 4-8 yr mFRI",2.916,1.1662,1024.6317,106.2334,447.3607,10.5771,460.4604,8,176.7277,116.6209,185,85.7649,61.3794,2.8143,1.136,1001.8594,106.0067,443.7864,10.1511,441.9152,8,170.5627,113.5977,185,82.7731,59.7883,330,3.4153,2.5608,3.4153,2.1598,2.6818,4.2036,0,2.0535,0.3782,0.3327,0.0077,0.0377,3,0.8,0.0417,0.0667,0.2991,10,55,10,30,0.8183,,0.6584,0.524,,,,,,,0.65,0.3006,,,0,0.15,,0.04,0.09,0.08,0.2,0.15,0.15,0,0,0,,,,,0.45,,,,,,,2.484,0.7123,3.0.257
3,fuelbed_41123.xml,41123,"Xeric upland 21-40 yr old longleaf pine forest, 4-8 yr mFRI",3.2973,1.3054,1067.6619,113.3525,339.4548,28.3814,586.4731,8,199.8384,130.5354,185,96.9804,68.7028,3.0574,1.2457,1039.9443,113.1106,336.7426,27.2383,562.8528,8,185.2944,124.5659,185,89.9223,65.561,441,3.6317,2.614,3.6317,2.285,4.457,4.4147,7.6902,3.4209,1.1063,0.9274,0.1125,0.0664,3,0.8,0.0417,0.075,0.2445,10,45,10,50,3.5039,,1.0211,20.2948,,,,,,,0.65,0.3006,,,0,0.1,,0.05,0.19,0.16,0.25,0.3,0.3,0,0,0,,,,,0.65,,,1,,,,23.9448,11.4727,3.0.257
3,fuelbed_41124.xml,41124,"Xeric upland 41-60 yr old longleaf pine forest, 4-8 yr mFRI",4.3704,1.6411,1110.6421,122.6612,210.5095,101.9844,675.487,8,264.8708,164.1102,186,99.3266,71.3523,4.0523,1.5623,1077.3855,122.3994,208.8275,97.8769,648.2816,8,245.5936,156.2348,186,92.0976,67.9282,431,4.1811,2.6661,4.1811,2.5621,3.0026,2.016,7.6902,2.4261,1.0426,0.8058,0.1212,0.1157,3,0.8,0.0417,0.0833,0.1969,10,35,10,85,2.5228,,1.5241,54.2972,,,,,,,0.65,0.3006,,,0,0.05,,0.07,0.35,0.2,0.5,0.5,0.5,0,0,0,,,,,0.85,,,1,,,,58.9672,28.5489,3.0.257
3,fuelbed_41125.xml,41125,"Xeric upland 61-100 yr old longleaf pine forest, 4-8 yr mFRI",4.0573,1.7244,1148.2888,129.5034,141.2685,202.0299,675.487,8,245.8971,172.4427,186,92.2114,74.9751,3.762,1.6397,1111.5414,129.227,140.1398,193.893,648.2816,8,228.0009,163.9734,186,85.5003,71.2928,431,4.0285,2.7109,4.0285,2.6263,2.786,1.8538,7.6902,2.0829,1.2919,0.9876,0.1307,0.1735,3,0.8,0.0417,0.0833,0.1743,10,30,10,85,2.8031,,2.8957,60.7877,,,,,,,0.65,0.3006,,,0,0.03,,0.09,0.45,0.25,0.75,0.75,0.75,0,0,0,,,,,1.05,,,1,,,,66.5577,31.8842,3.0.257
3,fuelbed_41126.xml,41126,"Xeric upland >100 yr old longleaf pine forest, 4-8 yr mFRI",3.8524,1.6915,1120.0819,130.7518,95.0931,218.75,675.487,8,233.4766,169.1461,186,87.5537,73.5418,3.572,1.6078,1083.0273,130.4727,94.3333,209.9398,648.2816,8,216.4843,160.7782,186,81.1816,69.9036,431,3.9255,2.6774,3.9255,2.6011,2.7234,1.747,7.6902,2.0438,1.3679,1.0436,0.1356,0.1887,3,0.8,0.0417,0.0833,0.1687,10,25,10,85,3.5039,,1.0973,65.3781,,,,,,,0.65,0.3006,,,0,0.02,,0.1,0.45,0.25,1,0.75,0.75,0,0,0,,,,,1.25,,,1,,,,71.5981,34.2744,3.0.257
3,fuelbed_31111.xml,31111,"Mesic upland 0-10 yr old longleaf pine forest, 1-3 yr mFRI",5.0057,1.914,1945.5713,141.7818,1742.9995,11.6555,49.1345,8,303.3779,191.402,186,113.7667,83.2183,4.9152,1.8922,1933.0219,141.4792,1733.2009,11.186,47.1556,8,297.8911,189.215,186,111.7091,82.2674,400,4.4747,3.5287,4.4747,2.767,0.4489,0,0,1.0474,0.1158,0.1138,0.002,0,1.3,1,0.1917,0.0083,0.3681,5,55,5,15,0.1025,,,0,,,,,,,0.5,0.235,,,0,0.5,,0.02,0.09,0.1,0,0,0,0,0,0,,,,,0.03,,,,,,,1.24,0.3825,3.0.257
3,fuelbed_31112.xml,31112,"Mesic upland 11-20 yr old longleaf pine forest, 1-3 yr mFRI",8.7341,2.7561,2285.3186,310.4668,1846.3618,20.2197,108.2703,11,162.0427,88.9062,201,181.9604,102.0775,8.5534,2.7203,2269.1011,309.8042,1835.9819,19.4054,103.9097,11,158.6901,87.753,201,178.1958,100.7535,620,5.9107,3.8244,5.9107,3.3203,2.0562,3.2151,0,1.5823,0.2057,0.172,0.0053,0.0283,3.5,1,0.1917,0.0167,0.3734,10,45,5,35,0.1225,,,0.1828,,,,,,,1,0.47,,,0,0.5,,0.04,0.09,0.1,0.05,0.15,0.15,0,0,0,,,,,0.05,,,,,,,2.3128,0.6014,3.0.257
3,fuelbed_31113.xml,31113,"Mesic upland 21-40 yr old longleaf pine forest, 1-3 yr mFRI",6.3994,2.8481,2765.7666,853.2032,1560.4298,40.6914,311.4423,9,93.833,113.9229,189,92.745,66.2343,6.27,2.8092,2740.9912,851.3822,1551.6576,39.0525,298.8988,9,91.9358,112.3675,188,136.3048,93.6396,521,5.0594,4.2072,5.0594,3.3752,2.1725,2.7785,0,2.2903,0.5289,0.4496,0.0137,0.0656,3.5,1,0.1917,0.0333,0.4472,15,35,5,55,0.9024,,,2.6329,,,,,,,2.5,1.175,,,0,0.4,,0.05,0.18,0.2,0.25,0.3,0.3,0,0,0,,,,,0.1,,,,,,,6.9129,2.1539,3.0.257
3,fuelbed_31114.xml,31114,"Mesic upland 41-60 yr old longleaf pine forest, 1-3 yr mFRI",6.336,3.2094,3514.7144,884.1219,1731.2781,95.5286,803.7858,9,92.9028,128.3753,189,91.8257,74.6368,5.8748,3.0781,3466.8745,882.2351,1721.5453,91.6811,771.4131,9,86.1414,123.1254,189,85.1427,71.5845,521,5.0343,4.7428,5.0343,3.583,1.8901,2.2564,0,2.1536,0.6462,0.5081,0.0239,0.1142,3.5,1,0.1917,0.05,0.4089,15,25,5,90,0.9692,,,5.3045,,,,,,,2.5,1.175,,,0,0.4,,0.07,0.3,0.3,0.5,0.5,0.5,0,0,0,,,,,0.25,,,,,,,10.6245,3.5647,3.0.257
3,fuelbed_31115.xml,31115,"Mesic upland 61-100 yr old longleaf pine forest, 1-3 yr mFRI",7.1304,3.3799,3331.7622,871.3074,1298.8789,108.7616,1052.8142,9,104.5519,135.1966,189,103.3397,78.6027,6.6115,3.2372,3275.8174,869.4478,1291.5769,104.3812,1010.4116,9,96.9427,129.4885,189,95.8187,75.284,521,5.3406,4.6177,5.3406,3.6769,1.8236,2.1101,0,2.1448,0.8075,0.6488,0.0298,0.129,3.5,1,0.1917,0.0667,0.4124,15,25,5,90,1.5708,,,28.6828,,,,,,,2.5,1.175,,,0,0.3,,0.09,0.3,0.34,0.75,0.5,0.5,0,0,0,,,,,0.45,,,,,,,34.4128,15.3039,3.0.257
3,fuelbed_31116.xml,31116,"Mesic upland >100 yr old longleaf pine forest, 1-3 yr mFRI",6.6816,3.2946,3351.4087,874.1821,1307.2917,117.1206,1052.8142,9,97.9714,131.7833,189,96.8355,76.6182,6.1954,3.1553,3295.074,872.3165,1299.9424,112.4035,1010.4116,9,90.8411,126.2129,189,89.7878,73.3796,521,5.1698,4.6313,5.1698,3.6302,1.799,2.0868,0,2.1107,0.8535,0.6749,0.0349,0.1437,3.5,1,0.1917,0.0833,0.41,15,25,5,90,1.5708,,,28.6828,,,,,,,2.5,1.175,,,0,0.3,,0.1,0.3,0.34,1,0.5,0.5,0,0,0,,,,,0.65,,,,,,,34.8728,15.4039,3.0.257
3,fuelbed_31513.xml,31513,"Mesic upland 21-40 yr old  long-needle pine plantation, 1-3 yr mFRI",8.397,3.0516,2423.1309,624.8102,1529.2477,38.9984,230.0745,9,123.1238,122.0653,164,93.3005,62.2782,8.1704,3.0011,2402.3633,623.4767,1520.6506,37.4278,220.8082,9,119.8011,120.0431,164,90.7826,61.2465,621,5.7955,3.938,5.7955,3.4938,2.0591,2.3502,0,2.4541,0.501,0.4022,0.018,0.0807,2,1,0.1667,0.0333,0.4318,30,35,5,55,0.9703,,0.1811,7.9491,,,,,,,0.75,0.4875,,,0,0.4,,0.05,0.18,0.17,0.5,0.3,0.3,0,0,0,,,,,0.1,,,,,,,10.6991,4.4683,3.0.257
3,fuelbed_31514.xml,31514,"Mesic upland 21-40 yr old  long-needle pine plantation, 1-3 yr mFRI",5.6597,2.9652,3206.249,820.5566,1710.051,100.4552,575.1862,9,82.9868,118.6067,189,82.0247,68.9574,5.4765,2.9033,3167.6721,818.8053,1700.4375,96.4093,552.0203,9,80.3006,116.1307,189,79.3696,67.5179,521,4.758,4.5299,4.758,3.4439,1.8131,1.987,0,2.2433,0.7642,0.6049,0.0297,0.1296,3,1,0.1667,0.05,0.5542,30,25,5,90,1.6172,,0.1725,40.9077,,,,,,,1,0.65,,,0,0.4,,0.07,0.3,0.35,0.75,0.5,0.5,0,0,0,,,,,0.25,,,,,,,45.0277,21.1039,3.0.257
2,fuelbed_41111.xml,41111,"Xeric upland 0-10 yr old longleaf pine forest, 1-3 yr mFRI",2.8915,0.9748,770.5688,31.8728,686.3983,3.1632,49.1345,8,175.2454,97.4792,183,222.4268,108.3102,2.9494,0.9907,782.6936,31.9424,695.6666,3.3317,51.7528,8,178.7498,99.073,183,226.8748,110.0811,300,3.4009,2.2207,3.4009,1.9746,0.4742,0,0,1.1064,0.0794,0.0746,0.0018,0.003,1,0.9,0.0667,0.0417,0.4557,2,80,10,10,0.2743,,,0.0177,,,,,,,0.25,0.1156,,,0,0.25,,0.01,0.08,0.04,0.05,0,0,0,0,0,,,,,0.03,,,,,,,0.7277,0.2067,3.0.257
2,fuelbed_41112.xml,41112,"Xeric upland 11-20 yr old longleaf pine forest, 1-3 yr mFRI",4.1508,1.1704,746.6572,77.801,556.3029,4.2829,108.2703,8,251.5638,117.0409,185,122.0824,61.6005,4.2415,1.1918,760.3365,77.971,563.8145,4.5112,114.0398,8,257.0583,119.1831,185,124.7489,62.728,430,4.0747,2.186,4.0747,2.1637,2.5224,4.2101,0,1.6751,0.2403,0.2037,0.005,0.0316,2,0.9,0.0667,0.0667,0.3138,5,70,10,30,0.5455,,0.3072,0.2958,,,,,,,0.5,0.2312,,,0,0.2,,0.02,0.08,0.04,0.1,0.15,0.15,0,0,0,,,,,0.05,,,,,,,1.5858,0.3885,3.0.257
2,fuelbed_41113.xml,41113,"Xeric upland 21-40 yr old longleaf pine forest, 1-3 yr mFRI",3.5153,1.2153,857.1327,86.0193,449.4342,10.237,311.4423,8,213.0469,121.5264,185,103.3904,63.9613,3.8371,1.282,880.5308,86.2072,455.5028,10.7825,328.0383,8,232.5518,128.1985,185,112.856,67.4729,441,3.7498,2.3421,3.7498,2.2048,3.7318,4.2795,4.7451,2.8456,0.6643,0.5952,0.009,0.0601,2,0.9,0.0667,0.0667,0.2269,5,60,10,50,2.4257,,0.3072,8.6958,,,,,,,0.5,0.2312,,,0,0.15,,0.03,0.16,0.08,0.15,0.3,0.3,0,0,0,,,,,0.1,,,,,,,10.4658,4.5885,3.0.257
2,fuelbed_41114.xml,41114,"Xeric upland 41-60 yr old longleaf pine forest, 1-3 yr mFRI",7.171,2.1236,1262.6742,95.8322,335.0906,27.9656,803.7858,11,133.0431,68.5041,185,210.9124,111.7698,7.8275,2.2518,1311.7305,96.0416,339.6152,29.4558,846.6178,11,145.2235,72.6396,185,230.2219,118.5172,531,5.3558,2.8427,5.3558,2.9145,2.7104,2.2207,4.7451,2.5215,0.6185,0.4987,0.0166,0.1032,2,0.9,0.0667,0.0667,0.1656,5,60,10,85,1.7465,,0.3072,35.8661,,,,,,,0.5,0.2312,,,0,0.1,,0.04,0.32,0.16,0.3,0.5,0.5,0,0,0,,,,,0.25,,,,,,,38.5361,18.2237,3.0.257
2,fuelbed_41115.xml,41115,"Xeric upland 61-100 yr old longleaf pine forest, 1-3 yr mFRI",6.8707,2.2402,1392.4387,104.9674,185.3683,49.2888,1052.8142,11,127.4716,72.2644,185,202.0799,117.9051,7.4997,2.38,1453.8997,105.1968,187.8713,51.9153,1108.9163,11,139.1419,76.7736,185,220.5808,125.2622,531,5.2424,2.9852,5.2424,2.9935,2.5669,2.0546,4.7451,2.3526,0.7643,0.5734,0.0271,0.1639,2,0.9,0.0667,0.0667,0.1148,5,60,10,85,1.9406,,0.3072,39.613,,,,,,,0.5,0.2312,,,0,0.05,,0.04,0.4,0.2,0.6,0.75,0.75,0,0,0,,,,,0.45,,,,,,,43.353,20.1721,3.0.257
2,fuelbed_41116.xml,41116,"Xeric upland >100 yr old longleaf pine forest, 1-3 yr mFRI",6.1706,2.1477,1355.6208,110.2373,120.545,72.0243,1052.8142,9,90.4776,85.9087,183,474.6597,238.6352,6.7355,2.2829,1417.4294,110.4782,122.1727,75.8623,1108.9163,9,98.7611,91.3145,186,153.0797,99.2549,521,4.9681,2.9455,4.9681,2.931,2.4682,1.9203,4.7451,2.2568,0.8953,0.6924,0.03,0.1729,2,0.9,0.0667,0.075,0.0928,5,60,10,85,2.4257,,0.3072,43.5812,,,,,,,0.5,0.2312,,,0,0.03,,0.05,0.4,0.2,0.75,0.75,0.75,0,0,0,,,,,0.65,,,,,,,47.6612,22.2462,3.0.257
2,fuelbed_41211.xml,41211,"Xeric upland 1-10 yr old long-needle pine with sand pine removal, 1-3 yr mFRI",3.9006,3.2057,4101.335,234.7014,2172.1421,1101.1036,593.3878,9,57.1929,128.2273,189,56.5298,74.5508,4.2577,3.3962,4225.4243,235.2141,2205.4231,1159.7791,625.0082,9,62.4291,135.8494,189,61.7053,78.9822,402,3.95,5.1233,3.95,3.5809,0.312,0,0,0.728,1.5306,0.8231,0.3686,0.3389,2,2,0.15,0.1667,0.1063,10,10,40,65,0.198,,,0,,,,,,,0.5,0.2312,,,0,0.5,,1.14,0.4,1.9,2.5,1.25,1.25,,,,,,,,3.5,,,2.5,,,,15.44,4.1156,3.0.257
2,fuelbed_41212.xml,41212,"Xeric upland 11-20 yr old long-needle pine with sand pine removal, 1-3 yr mFRI",4.011,3.1753,3998.6045,909.606,1686.2318,809.3787,593.3878,9,58.812,127.0107,189,58.1301,73.8434,4.2155,3.296,4101.1782,911.5933,1712.0677,852.5087,625.0082,9,61.8111,131.8385,189,61.0945,76.6503,421,4.0055,5.0588,4.0055,3.5639,2.02,4.138,0,0.5751,1.3323,0.9032,0.2257,0.2033,3.5,2,0.15,0.0833,0.1806,15,10,40,65,0.3395,,,0.7591,,,,,,,2,0.925,,,0,0.5,,2.38,0.68,1.37,1.5,0.75,0.75,,,,,,,,2.5,,,1.5,,,,14.6891,3.542,3.0.257
2,fuelbed_41213.xml,41213,"Xeric upland 21-40 yr old long-needle pine with sand pine removal, 1-3 yr mFRI",4.909,3.507,3841.7363,738.8234,1547.504,962.0212,593.3878,9,71.98,140.2813,189,71.1454,81.5589,5.1696,3.649,3949.9453,740.4376,1571.2145,1013.2852,625.0082,9,75.8005,145.9585,189,74.9217,84.8596,422,4.4313,4.9585,4.4313,3.7454,1.7836,3.3509,0,0.8105,1.8971,1.2002,0.358,0.3389,3.5,2,0.25,0.125,0.1759,15,10,40,65,1.0468,,,14.4633,,,,,,,2,0.925,,,0,0.5,,3.96,1.14,1.37,2.5,1.25,1.25,,,,,,,,3,,,2.5,,,,33.9333,11.4441,3.0.257
2,fuelbed_41313.xml,41313,"Xeric upland 21-40 yr old long-needle pine with herbicide (early stage), 1-3 yr mFRI",2.804,2.278,2402.5754,63.6221,691.9907,857.5796,789.3831,9,41.1149,91.1184,185,82.4717,119.8926,2.9997,2.3993,2501.0798,63.7611,702.5932,903.2781,831.4475,9,43.9831,95.9731,185,88.225,126.2804,321,3.3491,3.9213,3.3491,3.0186,1.677,2.9092,0,1.0036,1.4372,0.8873,0.2789,0.2711,1,2,0.1833,0.0417,0.0744,5,5,40,65,0.2594,,,0.9171,,,,,,,0.2,0.0925,,,0,0.2,,1.99,0.94,3.22,2,1,1,,,,,,,,2,,,1.5,,,,14.9671,2.8048,3.0.257
2,fuelbed_41314.xml,41314,"Xeric upland 41-60 yr old long-needle pine with herbicide (early stage), 1-3 yr mFRI",4.4251,3.2834,3114.4888,63.4226,686.9351,1245.851,1118.28,9,64.8838,131.336,189,64.1316,76.3581,4.742,3.4641,3251.1313,63.5612,697.4601,1312.2395,1177.8706,9,69.5314,138.5658,189,68.7253,80.5615,422,4.2072,4.4646,4.2072,3.624,2.0659,3.4104,0,1.4099,1.9377,1.3384,0.1927,0.4066,1,2,0.1833,0.125,0.1082,5,5,60,65,0.5836,,,3.6356,,,,,,,0.2,0.0925,,,0,0.2,,2.97,1.4,4.8,3,1.5,1.5,,,,,,,,3,,,,,,,22.2056,3.464,3.0.257
2,fuelbed_41315.xml,41315,"Xeric upland 61-100 yr old long-needle pine with herbicide (early stage), 1-3 yr mFRI",4.4251,3.2834,3114.4888,63.4226,686.9351,1245.851,1118.28,9,64.8838,131.336,189,64.1316,76.3581,4.742,3.4641,3251.1313,63.5612,697.4601,1312.2395,1177.8706,9,69.5314,138.5658,189,68.7253,80.5615,422,4.2072,4.4646,4.2072,3.624,2.0181,3.1284,0,1.5803,1.9824,1.3831,0.1927,0.4066,1,2,0.1833,0.125,0.1082,5,5,60,65,0.882,,,12.8445,,,,,,,0.2,0.0925,,,0,0.2,,2.97,1.4,4.8,3,1.5,1.5,,,,,,,,3,,,,,,,31.4145,8.0685,3.0.257
2,fuelbed_41316.xml,41316,"Xeric upland 100+ yr old long-needle pine with herbicide (early stage), 1-3 yr mFRI",4.4251,3.2834,3114.4888,63.4226,686.9351,1245.851,1118.28,9,64.8838,131.336,189,64.1316,76.3581,4.742,3.4641,3251.1313,63.5612,697.4601,1312.2395,1177.8706,9,69.5314,138.5658,189,68.7253,80.5615,422,4.2072,4.4646,4.2072,3.624,2.0826,3.1284,0,1.7308,2.0154,1.416,0.1927,0.4066,1,2,0.1833,0.125,0.1082,5,5,60,65,1.1024,,,14.2716,,,,,,,0.2,0.0925,,,0,0.2,,2.97,1.4,4.8,3,1.5,1.5,,,,,,,,3,,,,,,,32.8416,8.7821,3.0.257
2,fuelbed_41413.xml,41413,"Xeric upland 21-40 yr old long-needle pine with herbicide (late stage), 1-3 yr mFRI",7.9254,6.8313,12113.5322,245.7185,8867.8496,2297.3237,702.6401,12,67.9705,93.579,203,38.6603,86.4718,8.3529,7.1047,12409.7988,246.2553,9003.7197,2419.7427,740.0822,12,71.6374,97.3252,203,40.7459,89.9334,632,5.6304,8.8049,5.6304,5.2273,2.7382,4.8583,0,1.5305,1.8423,1.1601,0.3087,0.3736,2,2,0.1833,0.0417,0.6843,5,80,50,65,0.2594,,,0.9171,,,,,,,0.5,0.2312,,,0,2,,2.17,1.02,3.5,2.75,1.38,1.38,,,,,,,,2,,,1.5,,,,19.1171,3.7742,3.0.257
2,fuelbed_41414.xml,41414,"Xeric upland 41-60 yr old long-needle pine with herbicide (late stage), 1-3 yr mFRI",9.0612,8.0376,13582.5938,254.4063,9129.5146,3496.0332,702.6401,13,63.8564,84.6065,202,79.4845,151.6531,9.5674,8.3792,13946.7676,254.9621,9269.3945,3682.3289,740.0822,13,67.4236,88.2023,203,46.6703,106.0661,632,6.0204,9,6.0204,5.6701,3.0539,5.2142,0,1.9111,2.2889,1.5628,0.2169,0.5091,2,2,0.1833,0.125,0.5999,5,80,65,65,0.5836,,,3.6356,,,,,,,0.5,0.2312,,,0,2,,2.97,1.4,4.8,3.75,1.88,1.88,,,,,,,,3,,,,,,,25.8156,4.4334,3.0.257
2,fuelbed_41415.xml,41415,"Xeric upland 61-100 yr old long-needle pine with herbicide (late stage), 1-3 yr mFRI",9.0612,8.0376,13582.5938,254.4063,9129.5146,3496.0332,702.6401,13,63.8564,84.6065,202,79.4845,151.6531,9.5674,8.3792,13946.7676,254.9621,9269.3945,3682.3289,740.0822,13,67.4236,88.2023,203,46.6703,106.0661,632,6.0204,9,6.0204,5.6701,2.9421,4.7391,0,2.1253,2.3335,1.6074,0.2169,0.5091,2,2,0.1833,0.125,0.5999,5,80,65,65,0.882,,,12.8445,,,,,,,0.5,0.2312,,,0,2,,2.97,1.4,4.8,3.75,1.88,1.88,,,,,,,,3,,,,,,,35.0245,9.0379,3.0.257
2,fuelbed_41416.xml,41416,"Xeric upland 100+ yr old long-needle pine with herbicide (late stage), 1-3 yr mFRI",9.0612,8.0376,13582.5938,254.4063,9129.5146,3496.0332,702.6401,13,63.8564,84.6065,202,79.4845,151.6531,9.5674,8.3792,13946.7676,254.9621,9269.3945,3682.3289,740.0822,13,67.4236,88.2023,203,46.6703,106.0661,632,6.0204,9,6.0204,5.6701,3.0207,4.7391,0,2.3086,2.3665,1.6404,0.2169,0.5091,2,2,0.1833,0.125,0.5999,5,80,65,65,1.1024,,,14.2716,,,,,,,0.5,0.2312,,,0,2,,2.97,1.4,4.8,3.75,1.88,1.88,,,,,,,,3,,,,,,,36.4516,9.7514,3.0.257
2,fuelbed_41513.xml,41513,"Xeric upland 21-40 yr old long-needle pine plantation, 1-3 yr mFRI",2.7334,1.026,775.7649,86.0193,449.4342,10.237,230.0745,8,165.662,102.5997,184,143.8644,85.4997,2.8102,1.0515,794.8271,86.2072,455.5028,10.7825,242.3346,8,170.3179,105.1506,184,147.9076,87.6255,341,3.3066,2.2282,3.3066,2.0258,3.587,3.9759,4.7451,2.8116,0.6643,0.5952,0.009,0.0601,2,0.9,0.0667,0.0667,0.2269,5,60,10,50,2.4257,,0.3072,11.5012,,,,,,,0.5,0.2312,,,0,0.15,,0.03,0.16,0.08,0.15,0.3,0.3,0,0,0,,,,,0.1,,,,,,,13.2712,5.9912,3.0.257
2,fuelbed_41514.xml,41514,"Xeric upland 41-60 yr old long-needle pine plantation, 1-3 yr mFRI",4.9116,2.1798,1638.6831,117.8362,667.5403,278.1204,575.1862,9,72.0179,87.1902,183,377.8168,242.1949,5.3613,2.3102,1693.4249,118.0936,676.554,292.9408,605.8365,9,78.6113,92.4066,186,121.8474,100.4419,421,4.4324,3.2385,4.4324,2.9528,2.3232,2.246,4.7451,1.5926,0.6545,0.5347,0.0166,0.1032,2,0.9,0.0667,0.0667,0.1289,5,60,10,85,1.7465,,0.3072,47.6977,,,,,,,0.5,0.2312,,,0,0.15,,0.35,0.32,0.16,0.3,0.5,0.5,0,0,0,,,,,0.25,,,,,,,50.7277,24.1645,3.0.257
1,fuelbed_57900.xml,57900,Rangeland,13.8908,3.4352,2439.6858,8.2715,2358.0781,0,73.3362,6,49.5215,63.6145,142,603.9464,180.799,15.5171,3.6863,2547.5803,8.4646,2456.8496,0,82.2661,6,55.3195,68.2645,142,674.6579,194.0149,700,7.4541,3.9515,7.4541,3.7068,0,0,0,0,0.0676,0.0676,0,0,3,0.5,0,0.0083,0.2481,2,50,0,50,,,,,,,,,,,0.01,0.005,,,0,0.5,,0,0,0,0,0,0,0,0,0,,,,,0.17,,,,,,,0.68,0.3375,3.0.257
