GeneratorName=FCCS 3.0,GeneratorVersion=3.0.0,DateCreated=11/18/2017
fuelbed_number,filename,cover_type,ecoregion,overstory_loading,midstory_loading,understory_loading,snags_c1_foliage_loading,snags_c1wo_foliage_loading,snags_c1_wood_loading,snags_c2_loading,snags_c3_loading,shrubs_primary_loading,shrubs_secondary_loading,shrubs_primary_perc_live,shrubs_secondary_perc_live,nw_primary_loading,nw_secondary_loading,nw_primary_perc_live,nw_secondary_perc_live,w_sound_0_quarter_loading,w_sound_quarter_1_loading,w_sound_1_3_loading,w_sound_3_9_loading,w_sound_9_20_loading,w_sound_gt20_loading,w_rotten_3_9_loading,w_rotten_9_20_loading,w_rotten_gt20_loading,w_stump_sound_loading,w_stump_rotten_loading,w_stump_lightered_loading,litter_depth,litter_loading,lichen_depth,lichen_loading,moss_depth,moss_loading,basal_accum_loading,squirrel_midden_loading,ladderfuels_loading,duff_lower_depth,duff_lower_loading,duff_upper_depth,duff_upper_loading,pile_clean_loading,pile_dirty_loading,pile_vdirty_loading,Total_available_fuel_loading,efg_natural,efg_activity
11111,fuelbed_11111.xml,66,230.000000,0.000000,0.000000,0.000000,0.000000,0.000000,0.000000,0.000000,0.000000,0.750000,0.000000,90.000000,0.000000,0.800000,0.000000,90.000000,0.000000,0.050000,0.040000,0.040000,0.000000,0.000000,0.000000,0.000000,0.000000,0.000000,0.000000,0.000000,0.000000,0.100000,0.050000,0.000000,0.000000,0.000000,0.000000,0.000000,0.000000,0.000000,0.000000,0.000000,0.000000,0.000000,0.000000,0.000000,0.000000,1.730000,11,11
11112,fuelbed_11112.xml,66,230.000000,0.077624,0.000000,0.000000,0.000000,0.000000,0.000000,0.000000,0.000000,3.000000,0.000000,90.000000,0.000000,0.800000,0.000000,90.000000,0.000000,0.100000,0.090000,0.090000,0.200000,0.100000,0.100000,0.000000,0.000000,0.000000,0.000000,0.000000,0.000000,0.100000,0.100000,0.000000,0.000000,0.000000,0.000000,0.000000,0.000000,0.000000,0.000000,0.000000,0.000000,0.000000,0.000000,0.000000,0.000000,4.657624,11,11
11113,fuelbed_11113.xml,66,230.000000,0.291090,0.000000,0.271569,0.000000,0.000000,0.000000,0.000000,0.000000,3.000000,0.000000,90.000000,0.000000,0.700000,0.000000,90.000000,0.000000,0.190000,0.170000,0.170000,0.400000,0.200000,0.200000,0.000000,0.000000,0.000000,0.000000,0.000000,0.000000,0.200000,0.200000,0.000000,0.000000,0.000000,0.000000,0.000000,0.000000,0.000000,0.000000,0.000000,0.000000,0.000000,0.000000,0.000000,0.000000,5.792659,11,11
11114,fuelbed_11114.xml,66,230.000000,0.970299,0.000000,0.258637,0.000000,0.000000,0.000000,0.000000,0.000000,3.000000,0.000000,90.000000,0.000000,0.700000,0.000000,90.000000,0.000000,0.240000,0.350000,0.350000,0.600000,0.300000,0.300000,0.000000,0.000000,0.000000,0.000000,0.000000,0.000000,0.700000,0.500000,0.000000,0.000000,0.000000,0.000000,0.000000,0.000000,0.000000,0.000000,0.000000,0.000000,0.000000,0.000000,0.000000,0.000000,7.568937,11,11
11115,fuelbed_11115.xml,66,230.000000,1.358418,0.000000,0.258637,0.000000,0.000000,0.000000,0.000000,0.000000,3.000000,0.000000,90.000000,0.000000,0.600000,0.000000,90.000000,0.000000,0.290000,0.350000,0.350000,0.600000,0.300000,0.300000,0.000000,0.000000,0.000000,0.000000,0.000000,0.000000,1.000000,0.700000,0.000000,0.000000,0.000000,0.000000,0.000000,0.000000,0.000000,0.000000,0.000000,0.000000,0.000000,0.000000,0.000000,0.000000,8.107056,11,11
11116,fuelbed_11116.xml,66,230.000000,1.358418,0.000000,0.258637,0.000000,0.000000,0.000000,0.000000,0.000000,3.000000,0.000000,90.000000,0.000000,0.500000,0.000000,90.000000,0.000000,0.350000,0.350000,0.350000,0.600000,0.300000,0.300000,0.000000,0.000000,0.000000,0.000000,0.000000,0.000000,1.200000,0.750000,0.000000,0.000000,0.000000,0.000000,0.000000,0.000000,0.000000,0.000000,0.000000,0.000000,0.000000,0.000000,0.000000,0.000000,8.117056,11,11
11121,fuelbed_11121.xml,66,230.000000,0.000000,0.000000,0.000000,0.000000,0.000000,0.000000,0.000000,0.000000,3.500000,0.000000,90.000000,0.000000,0.700000,0.000000,90.000000,0.000000,0.070000,0.040000,0.050000,0.200000,0.000000,0.000000,0.000000,0.000000,0.000000,0.000000,0.000000,0.000000,0.100000,0.250000,0.000000,0.000000,0.000000,0.000000,0.000000,0.000000,0.000000,0.000000,0.000000,0.000000,0.000000,0.000000,0.000000,0.000000,4.810000,11,11
11122,fuelbed_11122.xml,66,230.000000,0.388120,0.000000,0.000000,0.000000,0.000000,0.000000,0.000000,0.000000,3.500000,0.000000,90.000000,0.000000,0.700000,0.000000,90.000000,0.000000,0.100000,0.090000,0.100000,0.500000,0.380000,0.380000,0.000000,0.000000,0.000000,0.000000,0.000000,0.000000,0.200000,0.500000,0.000000,0.000000,0.000000,0.000000,0.000000,0.000000,0.000000,0.000000,0.000000,0.000000,0.000000,0.000000,0.000000,0.000000,6.638120,11,11
11123,fuelbed_11123.xml,66,230.000000,1.455449,0.000000,0.543139,0.000000,0.000000,0.000000,0.000000,0.000000,3.500000,0.000000,90.000000,0.000000,0.600000,0.000000,90.000000,0.000000,0.300000,0.170000,0.210000,0.800000,0.750000,0.750000,0.000000,0.000000,0.000000,0.000000,0.000000,0.000000,0.300000,0.750000,0.000000,0.000000,0.000000,0.000000,0.000000,0.000000,0.000000,0.000000,0.000000,0.300000,0.500000,0.000000,0.000000,0.000000,10.328588,11,11
11124,fuelbed_11124.xml,66,230.000000,2.425748,0.000000,0.517275,0.000000,0.000000,0.000000,0.000000,0.000000,2.500000,0.000000,90.000000,0.000000,0.600000,0.000000,90.000000,0.000000,0.350000,0.350000,0.420000,1.000000,1.500000,1.500000,0.000000,0.000000,0.000000,0.000000,0.000000,0.000000,0.800000,1.000000,0.000000,0.000000,0.000000,0.000000,0.000000,0.000000,0.000000,0.000000,0.000000,0.300000,0.500000,0.000000,0.000000,0.000000,12.663023,11,11
11125,fuelbed_11125.xml,66,230.000000,3.396047,0.000000,0.517275,0.000000,0.000000,0.000000,0.000000,0.000000,3.000000,0.000000,90.000000,0.000000,0.500000,0.000000,90.000000,0.000000,0.350000,0.350000,0.420000,1.500000,1.500000,1.500000,0.000000,0.000000,0.000000,0.000000,0.000000,0.000000,1.100000,1.250000,0.000000,0.000000,0.000000,0.000000,0.000000,0.000000,0.000000,0.000000,0.000000,0.300000,0.500000,0.000000,0.000000,0.000000,14.783322,11,11
11126,fuelbed_11126.xml,66,230.000000,3.396047,0.000000,0.517275,0.000000,0.000000,0.000000,0.000000,0.000000,3.500000,0.000000,90.000000,0.000000,0.400000,0.000000,90.000000,0.000000,0.400000,0.350000,0.420000,2.000000,1.500000,1.500000,0.000000,0.000000,0.000000,0.000000,0.000000,0.000000,1.300000,1.500000,0.000000,0.000000,0.000000,0.000000,0.000000,0.000000,0.000000,0.000000,0.000000,0.300000,0.500000,0.000000,0.000000,0.000000,15.983322,11,11
11131,fuelbed_11131.xml,66,230.000000,0.000000,0.000000,0.000000,0.000000,0.000000,0.000000,0.000000,0.000000,4.000000,0.000000,90.000000,0.000000,0.600000,0.000000,90.000000,0.000000,0.100000,0.110000,0.200000,0.300000,0.000000,0.000000,0.000000,0.000000,0.000000,0.000000,0.000000,0.000000,0.400000,1.000000,0.000000,0.000000,0.000000,0.000000,0.000000,0.000000,0.000000,0.000000,0.000000,0.000000,0.000000,0.000000,0.000000,0.000000,6.310000,11,11
11132,fuelbed_11132.xml,66,230.000000,1.798157,0.000000,0.000000,0.000000,0.000000,0.000000,0.000000,0.000000,7.000000,0.000000,90.000000,0.000000,0.600000,0.000000,90.000000,0.000000,0.200000,0.220000,0.400000,0.800000,0.380000,0.380000,0.000000,0.000000,0.000000,0.000000,0.000000,0.000000,0.500000,1.750000,0.000000,0.000000,0.000000,0.000000,0.000000,0.000000,0.000000,0.000000,0.000000,0.000000,0.000000,0.000000,0.000000,0.000000,13.528157,11,11
11133,fuelbed_11133.xml,66,230.000000,4.720162,0.000000,1.086277,0.000000,0.000000,0.000000,0.000000,0.000000,8.000000,0.000000,90.000000,0.000000,0.500000,0.000000,90.000000,0.000000,0.500000,0.450000,0.450000,1.000000,0.750000,0.750000,0.000000,0.000000,0.000000,0.000000,0.000000,0.000000,0.800000,2.000000,0.000000,0.000000,0.000000,0.000000,0.000000,0.000000,0.000000,0.000000,0.000000,0.800000,0.500000,0.000000,0.000000,0.000000,20.706440,11,11
11134,fuelbed_11134.xml,66,230.000000,7.866936,0.000000,1.034550,0.000000,0.000000,0.000000,0.000000,0.000000,8.000000,0.000000,90.000000,0.000000,0.500000,0.000000,90.000000,0.000000,0.550000,0.890000,0.500000,1.500000,1.500000,1.500000,0.000000,0.000000,0.000000,0.000000,0.000000,0.000000,1.000000,2.250000,0.000000,0.000000,0.000000,0.000000,0.000000,0.000000,0.000000,0.000000,0.000000,0.800000,0.500000,0.000000,0.000000,0.000000,26.591486,11,11
11135,fuelbed_11135.xml,66,230.000000,11.013712,0.000000,1.034550,0.000000,0.000000,0.000000,0.000000,0.000000,8.000000,0.000000,90.000000,0.000000,0.400000,0.000000,90.000000,0.000000,0.550000,0.890000,0.550000,2.000000,1.500000,1.500000,0.000000,0.000000,0.000000,0.000000,0.000000,0.000000,1.300000,2.500000,0.000000,0.000000,0.000000,0.000000,0.000000,0.000000,0.000000,0.000000,0.000000,0.800000,0.500000,0.000000,0.000000,0.000000,30.438263,11,11
11136,fuelbed_11136.xml,66,230.000000,11.013712,0.000000,1.034550,0.000000,0.000000,0.000000,0.000000,0.000000,8.000000,0.000000,90.000000,0.000000,0.300000,0.000000,90.000000,0.000000,0.600000,0.890000,0.600000,2.500000,1.500000,1.500000,0.000000,0.000000,0.000000,0.000000,0.000000,0.000000,1.500000,3.000000,0.000000,0.000000,0.000000,0.000000,0.000000,0.000000,0.000000,0.000000,0.000000,0.800000,0.500000,0.000000,0.000000,0.000000,31.438263,11,11
13141,fuelbed_13141.xml,90,230.000000,0.000000,0.000000,0.000000,0.000000,0.000000,0.000000,0.000000,0.000000,4.500000,0.000000,90.000000,0.000000,0.500000,0.000000,90.000000,0.000000,0.300000,0.700000,0.350000,0.500000,0.000000,0.000000,0.000000,0.000000,0.000000,0.000000,0.000000,0.000000,0.100000,0.050000,0.000000,0.000000,0.000000,0.000000,0.000000,0.000000,0.000000,0.000000,0.000000,0.500000,1.600000,0.000000,0.000000,0.000000,8.500000,11,11
13142,fuelbed_13142.xml,90,230.000000,15.869255,0.000000,0.000000,0.000000,0.000000,0.000000,0.000000,0.000000,6.000000,0.000000,90.000000,0.000000,0.500000,0.000000,90.000000,0.000000,0.500000,0.900000,0.400000,0.750000,0.880000,0.880000,0.000000,0.000000,0.000000,0.000000,0.000000,0.000000,0.100000,0.070000,0.000000,0.000000,0.000000,0.000000,0.000000,0.000000,0.000000,0.000000,0.000000,0.500000,1.600000,0.000000,0.000000,0.000000,28.349255,11,11
13143,fuelbed_13143.xml,90,230.000000,15.869255,0.000000,0.000000,0.000000,0.000000,0.000000,0.000000,0.000000,8.000000,0.000000,90.000000,0.000000,0.500000,0.000000,90.000000,0.000000,0.700000,1.000000,0.450000,1.000000,0.880000,0.880000,0.000000,0.000000,0.000000,0.000000,0.000000,0.000000,0.200000,0.200000,0.000000,0.000000,0.000000,0.000000,0.000000,0.000000,0.000000,0.000000,0.000000,0.500000,1.600000,0.000000,0.000000,0.000000,31.079256,11,11
13144,fuelbed_13144.xml,90,230.000000,15.869255,0.000000,0.000000,0.000000,0.000000,0.000000,0.000000,0.000000,7.000000,0.000000,90.000000,0.000000,0.400000,0.000000,90.000000,0.000000,0.750000,1.200000,0.550000,2.000000,0.880000,0.880000,0.000000,0.000000,0.000000,0.000000,0.000000,0.000000,0.700000,0.500000,0.000000,0.000000,0.000000,0.000000,0.000000,0.000000,0.000000,0.000000,0.000000,0.500000,1.600000,0.000000,0.000000,0.000000,31.629255,11,11
13145,fuelbed_13145.xml,90,230.000000,15.869255,0.000000,0.000000,0.000000,0.000000,0.000000,0.000000,0.000000,5.000000,0.000000,90.000000,0.000000,0.300000,0.000000,90.000000,0.000000,0.750000,1.410000,0.650000,2.500000,0.880000,0.880000,0.000000,0.000000,0.000000,0.000000,0.000000,0.000000,1.000000,0.700000,0.000000,0.000000,0.000000,0.000000,0.000000,0.000000,0.000000,0.000000,0.000000,0.500000,1.600000,0.000000,0.000000,0.000000,30.539255,11,11
13146,fuelbed_13146.xml,90,230.000000,15.869255,0.000000,0.000000,0.000000,0.000000,0.000000,0.000000,0.000000,2.000000,0.000000,90.000000,0.000000,0.200000,0.000000,90.000000,0.000000,0.800000,1.410000,0.750000,3.000000,0.880000,0.880000,0.000000,0.000000,0.000000,0.000000,0.000000,0.000000,1.200000,0.750000,0.000000,0.000000,0.000000,0.000000,0.000000,0.000000,0.000000,0.000000,0.000000,0.500000,1.600000,0.000000,0.000000,0.000000,28.139256,11,11
15131,fuelbed_15131.xml,89,230.000000,0.099037,0.000000,0.000000,0.000000,0.000000,0.000000,0.000000,0.000000,4.000000,0.000000,90.000000,0.000000,0.000000,0.000000,0.000000,0.000000,3.960000,1.410000,1.370000,1.750000,0.880000,0.880000,0.000000,0.000000,0.000000,0.000000,0.000000,0.000000,1.000000,1.800000,0.000000,0.000000,0.000000,0.000000,0.000000,0.000000,0.000000,0.000000,0.000000,0.500000,1.000000,0.000000,0.000000,0.000000,17.149038,11,11
15132,fuelbed_15132.xml,89,230.000000,0.233029,0.000000,0.000000,0.000000,0.000000,0.000000,0.000000,0.000000,6.000000,0.000000,90.000000,0.000000,0.000000,0.000000,0.000000,0.000000,3.960000,1.410000,1.370000,1.750000,0.880000,0.880000,0.000000,0.000000,0.000000,0.000000,0.000000,0.000000,1.300000,2.000000,0.000000,0.000000,0.000000,0.000000,0.000000,0.000000,0.000000,0.000000,0.000000,0.500000,1.000000,0.000000,0.000000,0.000000,19.483028,11,11
15133,fuelbed_15133.xml,89,230.000000,0.466057,0.000000,0.000000,0.000000,0.000000,0.000000,0.000000,0.000000,12.000001,0.000000,90.000000,0.000000,0.000000,0.000000,0.000000,0.000000,3.960000,1.410000,1.370000,1.750000,0.880000,0.880000,0.000000,0.000000,0.000000,0.000000,0.000000,0.000000,1.800000,2.500000,0.000000,0.000000,0.000000,0.000000,0.000000,0.000000,0.000000,0.000000,0.000000,0.500000,1.000000,0.000000,0.000000,0.000000,26.216059,11,11
15134,fuelbed_15134.xml,89,230.000000,1.165143,0.000000,0.000000,0.000000,0.000000,0.000000,0.000000,0.000000,20.000000,0.000000,90.000000,0.000000,0.000000,0.000000,0.000000,0.000000,3.960000,1.410000,1.370000,1.750000,0.880000,0.880000,0.000000,0.000000,0.000000,0.000000,0.000000,0.000000,2.000000,3.000000,0.000000,0.000000,0.000000,0.000000,0.000000,0.000000,0.000000,0.000000,0.000000,0.500000,1.000000,0.000000,0.000000,0.000000,35.415142,11,11
15135,fuelbed_15135.xml,89,230.000000,1.165143,0.000000,0.000000,0.000000,0.000000,0.000000,0.000000,0.000000,20.000000,0.000000,90.000000,0.000000,0.000000,0.000000,0.000000,0.000000,3.960000,1.410000,1.370000,1.750000,0.880000,0.880000,0.000000,0.000000,0.000000,0.000000,0.000000,0.000000,2.000000,3.500000,0.000000,0.000000,0.000000,0.000000,0.000000,0.000000,0.000000,0.000000,0.000000,0.500000,1.000000,0.000000,0.000000,0.000000,35.915142,11,11
15136,fuelbed_15136.xml,89,230.000000,1.165143,0.000000,0.000000,0.000000,0.000000,0.000000,0.000000,0.000000,20.000000,0.000000,90.000000,0.000000,0.000000,0.000000,0.000000,0.000000,3.960000,1.410000,1.370000,1.750000,0.880000,0.880000,0.000000,0.000000,0.000000,0.000000,0.000000,0.000000,2.000000,3.800000,0.000000,0.000000,0.000000,0.000000,0.000000,0.000000,0.000000,0.000000,0.000000,0.500000,1.000000,0.000000,0.000000,0.000000,36.215141,11,11
15141,fuelbed_15141.xml,74,230.000000,0.722922,0.000000,0.000000,0.000000,0.000000,0.000000,0.000000,0.000000,12.000001,0.000000,90.000000,0.000000,0.000000,0.000000,0.000000,0.000000,0.490000,0.180000,0.170000,0.000000,0.000000,0.000000,0.000000,0.000000,0.000000,0.000000,0.000000,0.000000,1.800000,2.500000,0.000000,0.000000,0.000000,0.000000,0.000000,0.000000,0.000000,0.000000,0.000000,0.500000,1.000000,0.000000,0.000000,0.000000,17.062923,11,11
15142,fuelbed_15142.xml,74,230.000000,0.153621,0.000000,0.000000,0.000000,0.000000,0.000000,0.000000,0.000000,4.000000,0.000000,90.000000,0.000000,0.000000,0.000000,0.000000,0.000000,0.990000,0.350000,0.340000,0.000000,0.000000,0.000000,0.000000,0.000000,0.000000,0.000000,0.000000,0.000000,1.000000,1.800000,0.000000,0.000000,0.000000,0.000000,0.000000,0.000000,0.000000,0.000000,0.000000,0.500000,1.000000,0.000000,0.000000,0.000000,8.633621,11,11
15143,fuelbed_15143.xml,74,230.000000,0.361461,0.000000,0.000000,0.000000,0.000000,0.000000,0.000000,0.000000,6.000000,0.000000,90.000000,0.000000,0.000000,0.000000,0.000000,0.000000,1.980000,0.710000,0.690000,0.500000,0.250000,0.250000,0.000000,0.000000,0.000000,0.000000,0.000000,0.000000,1.300000,2.000000,0.000000,0.000000,0.000000,0.000000,0.000000,0.000000,0.000000,0.000000,0.000000,0.500000,1.000000,0.000000,0.000000,0.000000,13.741462,11,11
15144,fuelbed_15144.xml,74,230.000000,1.807304,0.000000,0.000000,0.000000,0.000000,0.000000,0.000000,0.000000,20.000000,0.000000,90.000000,0.000000,0.000000,0.000000,0.000000,0.000000,3.960000,1.410000,1.370000,1.000000,0.500000,0.500000,0.000000,0.000000,0.000000,0.000000,0.000000,0.000000,2.000000,3.000000,0.000000,0.000000,0.000000,0.000000,0.000000,0.000000,0.000000,0.000000,0.000000,0.500000,1.000000,0.000000,0.000000,0.000000,34.547306,11,11
15145,fuelbed_15145.xml,74,230.000000,1.807304,0.000000,0.000000,0.000000,0.000000,0.000000,0.000000,0.000000,20.000000,0.000000,90.000000,0.000000,0.000000,0.000000,0.000000,0.000000,3.960000,1.410000,1.370000,2.000000,1.000000,1.000000,0.000000,0.000000,0.000000,0.000000,0.000000,0.000000,2.000000,3.500000,0.000000,0.000000,0.000000,0.000000,0.000000,0.000000,0.000000,0.000000,0.000000,0.500000,1.000000,0.000000,0.000000,0.000000,37.047306,11,11
15146,fuelbed_15146.xml,74,230.000000,1.807304,0.000000,0.000000,0.000000,0.000000,0.000000,0.000000,0.000000,20.000000,0.000000,90.000000,0.000000,0.000000,0.000000,0.000000,0.000000,3.960000,1.410000,1.370000,2.000000,1.000000,1.000000,0.000000,0.000000,0.000000,0.000000,0.000000,0.000000,2.000000,3.800000,0.000000,0.000000,0.000000,0.000000,0.000000,0.000000,0.000000,0.000000,0.000000,0.500000,1.000000,0.000000,0.000000,0.000000,37.347305,11,11
16100,fuelbed_16100.xml,90,230.000000,0.000000,0.000000,0.000000,0.000000,0.000000,0.000000,0.000000,0.000000,8.000000,0.000000,90.000000,0.000000,0.500000,0.000000,90.000000,0.000000,0.200000,0.200000,0.200000,0.000000,0.000000,0.000000,0.000000,0.000000,0.000000,0.000000,0.000000,0.000000,0.500000,0.780000,0.000000,0.000000,0.000000,0.000000,0.000000,0.000000,0.000000,0.000000,0.000000,0.500000,1.600000,0.000000,0.000000,0.000000,11.480000,11,11
16900,fuelbed_16900.xml,90,220.000000,0.000000,0.000000,0.000000,0.000000,0.000000,0.000000,0.000000,0.000000,1.460000,0.000000,80.000000,0.000000,0.010000,0.000000,90.000000,0.000000,0.200000,0.200000,0.500000,0.000000,0.000000,0.000000,0.000000,0.000000,0.000000,0.000000,0.000000,0.000000,0.500000,0.260000,0.000000,0.000000,0.000000,0.000000,0.000000,0.000000,0.000000,0.000000,0.000000,0.500000,1.600000,0.000000,0.000000,0.000000,4.230000,11,11
17100,fuelbed_17100.xml,283,230.000000,0.000000,0.000000,0.000000,0.000000,0.000000,0.000000,0.000000,0.000000,0.000000,0.000000,0.000000,0.000000,4.000000,0.000000,90.000000,0.000000,0.000000,0.000000,0.000000,0.000000,0.000000,0.000000,0.000000,0.000000,0.000000,0.000000,0.000000,0.000000,0.000000,0.000000,0.000000,0.000000,0.000000,0.000000,0.000000,0.000000,0.000000,0.000000,0.000000,0.000000,0.000000,0.000000,0.000000,0.000000,4.000000,13,13
21111,fuelbed_21111.xml,67,230.000000,0.043124,0.000000,0.000000,0.000000,0.000000,0.000000,0.000000,0.000000,0.500000,0.000000,90.000000,0.000000,0.600000,0.000000,90.000000,0.000000,0.090000,0.090000,0.090000,0.100000,0.000000,0.000000,0.000000,0.000000,0.000000,0.000000,0.000000,0.000000,0.100000,0.030000,0.000000,0.000000,0.000000,0.000000,0.000000,0.000000,0.000000,0.000000,0.000000,0.000000,0.000000,0.000000,0.000000,0.000000,1.543124,11,11
21112,fuelbed_21112.xml,67,230.000000,0.215622,0.000000,0.000000,0.000000,0.000000,0.000000,0.000000,0.000000,1.000000,0.000000,90.000000,0.000000,0.600000,0.000000,90.000000,0.000000,0.110000,0.090000,0.090000,0.300000,0.150000,0.150000,0.000000,0.000000,0.000000,0.000000,0.000000,0.000000,0.100000,0.050000,0.000000,0.000000,0.000000,0.000000,0.000000,0.000000,0.000000,0.000000,0.000000,0.000000,0.000000,0.000000,0.000000,0.000000,2.755622,11,11
21113,fuelbed_21113.xml,67,230.000000,0.970299,0.000000,0.181122,0.000000,0.000000,0.000000,0.000000,0.000000,1.000000,0.000000,90.000000,0.000000,0.500000,0.000000,90.000000,0.000000,0.130000,0.170000,0.170000,0.600000,0.300000,0.300000,0.000000,0.000000,0.000000,0.000000,0.000000,0.000000,0.200000,0.100000,0.000000,0.000000,0.000000,0.000000,0.000000,0.000000,0.000000,0.000000,0.000000,0.000000,0.000000,0.000000,0.000000,0.000000,4.421422,11,11
21114,fuelbed_21114.xml,67,230.000000,1.617165,0.000000,0.172498,0.000000,0.000000,0.000000,0.000000,0.000000,1.000000,0.000000,90.000000,0.000000,0.500000,0.000000,90.000000,0.000000,0.140000,0.350000,0.350000,0.750000,0.500000,0.500000,0.000000,0.000000,0.000000,0.000000,0.000000,0.000000,0.600000,0.250000,0.000000,0.000000,0.000000,0.000000,0.000000,0.000000,0.000000,0.000000,0.000000,0.000000,0.000000,0.000000,0.000000,0.000000,6.129663,11,11
21115,fuelbed_21115.xml,67,230.000000,1.617165,0.000000,0.172498,0.000000,0.000000,0.000000,0.000000,0.000000,1.000000,0.000000,90.000000,0.000000,0.400000,0.000000,90.000000,0.000000,0.150000,0.350000,0.350000,1.000000,0.500000,0.500000,0.000000,0.000000,0.000000,0.000000,0.000000,0.000000,0.800000,0.450000,0.000000,0.000000,0.000000,0.000000,0.000000,0.000000,0.000000,0.000000,0.000000,0.000000,0.000000,0.000000,0.000000,0.000000,6.489663,11,11
21116,fuelbed_21116.xml,67,230.000000,1.617165,0.000000,0.172498,0.000000,0.000000,0.000000,0.000000,0.000000,1.000000,0.000000,90.000000,0.000000,0.400000,0.000000,90.000000,0.000000,0.160000,0.350000,0.350000,1.500000,0.500000,0.500000,0.000000,0.000000,0.000000,0.000000,0.000000,0.000000,1.100000,0.650000,0.000000,0.000000,0.000000,0.000000,0.000000,0.000000,0.000000,0.000000,0.000000,0.000000,0.000000,0.000000,0.000000,0.000000,7.199663,11,11
21121,fuelbed_21121.xml,67,230.000000,0.060374,0.000000,0.000000,0.000000,0.000000,0.000000,0.000000,0.000000,1.000000,0.000000,90.000000,0.000000,0.500000,0.000000,90.000000,0.000000,0.100000,0.200000,0.150000,0.500000,0.000000,0.000000,0.000000,0.000000,0.000000,0.000000,0.000000,0.000000,0.100000,0.250000,0.000000,0.000000,0.000000,0.000000,0.000000,0.000000,0.000000,0.000000,0.000000,0.000000,0.000000,0.000000,0.000000,0.000000,2.760374,11,11
21122,fuelbed_21122.xml,67,230.000000,0.646866,0.000000,0.059296,0.000000,0.000000,0.000000,0.000000,0.000000,2.000000,0.000000,90.000000,0.000000,0.500000,0.000000,90.000000,0.000000,0.160000,0.250000,0.200000,1.000000,0.380000,0.380000,0.000000,0.000000,0.000000,0.000000,0.000000,0.000000,0.100000,0.450000,0.000000,0.000000,0.000000,0.000000,0.000000,0.000000,0.000000,0.000000,0.000000,0.000000,0.000000,0.000000,0.000000,0.000000,6.026163,11,11
21123,fuelbed_21123.xml,67,230.000000,1.940598,0.000000,0.113202,0.000000,0.000000,0.000000,0.000000,0.000000,3.000000,0.000000,90.000000,0.000000,0.400000,0.000000,90.000000,0.000000,0.230000,0.300000,0.240000,1.250000,0.750000,0.750000,0.000000,0.000000,0.000000,0.000000,0.000000,0.000000,0.200000,0.650000,0.000000,0.000000,0.000000,0.000000,0.000000,0.000000,0.000000,0.000000,0.000000,0.100000,0.500000,0.000000,0.000000,0.000000,10.123799,11,11
21124,fuelbed_21124.xml,67,230.000000,3.234330,0.000000,0.107811,0.000000,0.000000,0.000000,0.000000,0.000000,3.000000,0.000000,90.000000,0.000000,0.400000,0.000000,90.000000,0.000000,0.290000,0.350000,0.320000,1.500000,1.500000,1.500000,0.000000,0.000000,0.000000,0.000000,0.000000,0.000000,0.700000,0.850000,0.000000,0.000000,0.000000,0.000000,0.000000,0.000000,0.000000,0.000000,0.000000,0.100000,0.500000,0.000000,0.000000,0.000000,13.552141,11,11
21125,fuelbed_21125.xml,67,230.000000,3.234330,0.000000,0.107811,0.000000,0.000000,0.000000,0.000000,0.000000,3.000000,0.000000,90.000000,0.000000,0.300000,0.000000,90.000000,0.000000,0.310000,0.450000,0.350000,1.750000,1.500000,1.500000,0.000000,0.000000,0.000000,0.000000,0.000000,0.000000,1.000000,1.050000,0.000000,0.000000,0.000000,0.000000,0.000000,0.000000,0.000000,0.000000,0.000000,0.100000,0.500000,0.000000,0.000000,0.000000,14.052141,11,11
21126,fuelbed_21126.xml,67,230.000000,3.234330,0.000000,0.107811,0.000000,0.000000,0.000000,0.000000,0.000000,3.000000,0.000000,90.000000,0.000000,0.300000,0.000000,90.000000,0.000000,0.320000,0.450000,0.400000,2.000000,1.500000,1.500000,0.000000,0.000000,0.000000,0.000000,0.000000,0.000000,1.200000,1.250000,0.000000,0.000000,0.000000,0.000000,0.000000,0.000000,0.000000,0.000000,0.000000,0.100000,0.500000,0.000000,0.000000,0.000000,14.562141,11,11
21131,fuelbed_21131.xml,67,230.000000,0.121271,0.000000,0.000000,0.000000,0.000000,0.000000,0.000000,0.000000,2.000000,0.000000,90.000000,0.000000,0.450000,0.000000,90.000000,0.000000,0.120000,0.120000,0.250000,0.200000,0.000000,0.000000,0.000000,0.000000,0.000000,0.000000,0.000000,0.000000,0.300000,0.950000,0.000000,0.000000,0.000000,0.000000,0.000000,0.000000,0.000000,0.000000,0.000000,0.000000,0.000000,0.000000,0.000000,0.000000,4.211271,11,11
21132,fuelbed_21132.xml,67,230.000000,0.862488,0.000000,0.000000,0.000000,0.000000,0.000000,0.000000,0.000000,5.000000,0.000000,90.000000,0.000000,0.450000,0.000000,90.000000,0.000000,0.200000,0.160000,0.300000,0.800000,0.380000,0.380000,0.000000,0.000000,0.000000,0.000000,0.000000,0.000000,0.500000,1.500000,0.000000,0.000000,0.000000,0.000000,0.000000,0.000000,0.000000,0.000000,0.000000,0.100000,0.500000,0.000000,0.000000,0.000000,10.532489,11,11
21133,fuelbed_21133.xml,67,230.000000,1.940598,0.000000,0.477505,0.000000,0.000000,0.000000,0.000000,0.000000,7.000000,0.000000,90.000000,0.000000,0.400000,0.000000,90.000000,0.000000,0.280000,0.320000,0.350000,1.000000,0.750000,0.750000,0.000000,0.000000,0.000000,0.000000,0.000000,0.000000,0.600000,1.950000,0.000000,0.000000,0.000000,0.000000,0.000000,0.000000,0.000000,0.000000,0.000000,0.400000,2.500000,0.000000,0.000000,0.000000,17.718102,11,11
21134,fuelbed_21134.xml,67,230.000000,3.234330,0.000000,0.454766,0.000000,0.000000,0.000000,0.000000,0.000000,7.000000,0.000000,90.000000,0.000000,0.300000,0.000000,90.000000,0.000000,0.360000,0.650000,0.400000,1.500000,1.750000,1.750000,0.000000,0.000000,0.000000,0.000000,0.000000,0.000000,0.800000,2.150000,0.000000,0.000000,0.000000,0.000000,0.000000,0.000000,0.000000,0.000000,0.000000,0.400000,2.500000,0.000000,0.000000,0.000000,22.049097,11,11
21135,fuelbed_21135.xml,67,230.000000,3.234330,0.000000,0.454766,0.000000,0.000000,0.000000,0.000000,0.000000,7.000000,0.000000,90.000000,0.000000,0.200000,0.000000,90.000000,0.000000,0.400000,0.650000,0.450000,2.000000,1.750000,1.750000,0.000000,0.000000,0.000000,0.000000,0.000000,0.000000,1.200000,2.350000,0.000000,0.000000,0.000000,0.000000,0.000000,0.000000,0.000000,0.000000,0.000000,0.400000,2.500000,0.000000,0.000000,0.000000,22.739098,11,11
21136,fuelbed_21136.xml,67,230.000000,3.234330,0.000000,0.454766,0.000000,0.000000,0.000000,0.000000,0.000000,6.000000,0.000000,90.000000,0.000000,0.100000,0.000000,90.000000,0.000000,0.480000,0.650000,0.500000,2.250000,1.750000,1.750000,0.000000,0.000000,0.000000,0.000000,0.000000,0.000000,1.400000,2.750000,0.000000,0.000000,0.000000,0.000000,0.000000,0.000000,0.000000,0.000000,0.000000,0.400000,2.500000,0.000000,0.000000,0.000000,22.419096,11,11
21513,fuelbed_21513.xml,70,220.000000,0.970299,0.000000,0.181122,0.000000,0.000000,0.000000,0.000000,0.000000,2.000000,0.000000,90.000000,0.000000,0.400000,0.000000,90.000000,0.000000,0.130000,0.170000,0.170000,0.600000,0.300000,0.300000,0.000000,0.000000,0.000000,0.000000,0.000000,0.000000,0.200000,0.100000,0.000000,0.000000,0.000000,0.000000,0.000000,0.000000,0.000000,0.000000,0.000000,0.000000,0.000000,0.000000,0.000000,0.000000,5.321422,11,11
21514,fuelbed_21514.xml,70,220.000000,1.617165,0.000000,0.172498,0.000000,0.000000,0.000000,0.000000,0.000000,2.000000,0.000000,90.000000,0.000000,0.400000,0.000000,90.000000,0.000000,0.140000,0.350000,0.350000,0.750000,0.500000,0.500000,0.000000,0.000000,0.000000,0.000000,0.000000,0.000000,0.600000,0.250000,0.000000,0.000000,0.000000,0.000000,0.000000,0.000000,0.000000,0.000000,0.000000,0.000000,0.000000,0.000000,0.000000,0.000000,7.029663,11,11
21523,fuelbed_21523.xml,70,220.000000,1.940598,0.000000,0.113202,0.000000,0.000000,0.000000,0.000000,0.000000,4.000000,0.000000,90.000000,0.000000,0.400000,0.000000,90.000000,0.000000,0.230000,0.130000,0.240000,1.250000,0.750000,0.750000,0.000000,0.000000,0.000000,0.000000,0.000000,0.000000,0.200000,0.650000,0.000000,0.000000,0.000000,0.000000,0.000000,0.000000,0.000000,0.000000,0.000000,0.100000,0.500000,0.000000,0.000000,0.000000,10.953799,11,11
21524,fuelbed_21524.xml,70,220.000000,3.234330,0.000000,0.107811,0.000000,0.000000,0.000000,0.000000,0.000000,4.000000,0.000000,90.000000,0.000000,0.300000,0.000000,90.000000,0.000000,0.290000,0.260000,0.320000,1.500000,1.500000,1.500000,0.000000,0.000000,0.000000,0.000000,0.000000,0.000000,0.700000,0.850000,0.000000,0.000000,0.000000,0.000000,0.000000,0.000000,0.000000,0.000000,0.000000,0.100000,0.500000,0.000000,0.000000,0.000000,14.362142,11,11
21532,fuelbed_21532.xml,70,220.000000,1.212710,0.000000,0.000000,0.000000,0.000000,0.000000,0.000000,0.000000,8.000000,0.000000,90.000000,0.000000,0.450000,0.000000,90.000000,0.000000,0.200000,0.160000,0.300000,0.800000,0.380000,0.380000,0.000000,0.000000,0.000000,0.000000,0.000000,0.000000,0.500000,1.500000,0.000000,0.000000,0.000000,0.000000,0.000000,0.000000,0.000000,0.000000,0.000000,0.100000,0.500000,0.000000,0.000000,0.000000,13.882710,11,11
21533,fuelbed_21533.xml,70,220.000000,1.940598,0.000000,0.477505,0.000000,0.000000,0.000000,0.000000,0.000000,8.000000,0.000000,90.000000,0.000000,0.400000,0.000000,90.000000,0.000000,0.280000,0.320000,0.350000,1.000000,0.750000,0.750000,0.000000,0.000000,0.000000,0.000000,0.000000,0.000000,0.600000,1.950000,0.000000,0.000000,0.000000,0.000000,0.000000,0.000000,0.000000,0.000000,0.000000,0.400000,2.500000,0.000000,0.000000,0.000000,18.718102,11,11
21534,fuelbed_21534.xml,70,220.000000,3.234330,0.000000,0.454766,0.000000,0.000000,0.000000,0.000000,0.000000,8.000000,0.000000,90.000000,0.000000,0.300000,0.000000,90.000000,0.000000,0.360000,0.650000,0.400000,1.500000,1.750000,1.750000,0.000000,0.000000,0.000000,0.000000,0.000000,0.000000,0.800000,2.150000,0.000000,0.000000,0.000000,0.000000,0.000000,0.000000,0.000000,0.000000,0.000000,0.400000,2.500000,0.000000,0.000000,0.000000,23.049097,11,11
21541,fuelbed_21541.xml,70,220.000000,2.482919,0.000000,0.000000,0.000000,0.000000,0.000000,0.000000,0.000000,3.500000,0.000000,90.000000,0.000000,0.400000,0.000000,90.000000,0.000000,0.110000,1.670000,0.230000,0.500000,2.000000,1.000000,0.000000,0.000000,0.000000,0.000000,0.000000,0.000000,0.100000,0.950000,0.000000,0.000000,0.000000,0.000000,0.000000,0.000000,0.000000,0.000000,0.000000,0.300000,2.000000,0.000000,0.000000,0.000000,14.842920,11,11
21542,fuelbed_21542.xml,70,220.000000,4.138200,0.000000,0.000000,0.000000,0.000000,0.000000,0.000000,0.000000,5.500000,0.000000,90.000000,0.000000,0.300000,0.000000,90.000000,0.000000,0.210000,0.220000,0.350000,1.000000,2.000000,1.000000,0.000000,0.000000,0.000000,0.000000,0.000000,0.000000,0.200000,1.500000,0.000000,0.000000,0.000000,0.000000,0.000000,0.000000,0.000000,0.000000,0.000000,0.500000,3.000000,0.000000,0.000000,0.000000,19.218201,11,11
21543,fuelbed_21543.xml,70,220.000000,6.006052,1.524600,1.629416,0.000000,0.000000,0.000000,0.000000,0.000000,5.500000,0.000000,90.000000,0.000000,0.200000,0.000000,90.000000,0.000000,0.320000,0.450000,0.450000,1.250000,1.000000,1.000000,0.000000,0.000000,0.000000,0.000000,0.000000,0.000000,0.300000,1.950000,0.000000,0.000000,0.000000,0.000000,0.000000,0.000000,0.000000,0.000000,0.000000,0.900000,5.500000,0.000000,0.000000,0.000000,26.780067,11,11
21544,fuelbed_21544.xml,70,220.000000,6.756808,2.286900,1.629416,0.000000,0.000000,0.000000,0.000000,0.000000,5.500000,0.000000,90.000000,0.000000,0.100000,0.000000,90.000000,0.000000,0.420000,0.890000,0.550000,1.750000,1.000000,1.000000,0.000000,0.000000,0.000000,0.000000,0.000000,0.000000,0.800000,2.150000,0.000000,0.000000,0.000000,0.000000,0.000000,0.000000,0.000000,0.000000,0.000000,0.900000,5.500000,0.000000,0.000000,0.000000,29.533125,11,11
23141,fuelbed_23141.xml,292,230.000000,2.482919,0.000000,0.000000,0.000000,0.000000,0.000000,0.000000,0.000000,2.000000,0.000000,90.000000,0.000000,0.400000,0.000000,90.000000,0.000000,0.110000,1.670000,0.230000,0.500000,2.000000,1.000000,0.000000,0.000000,0.000000,0.000000,0.000000,0.000000,0.100000,0.050000,0.000000,0.000000,0.000000,0.000000,0.000000,0.000000,0.000000,0.000000,0.000000,0.300000,2.000000,0.000000,0.000000,0.000000,12.442921,9,9
23142,fuelbed_23142.xml,292,230.000000,4.004035,0.000000,0.000000,0.000000,0.000000,0.000000,0.000000,0.000000,5.000000,0.000000,90.000000,0.000000,0.300000,0.000000,90.000000,0.000000,0.210000,0.220000,0.350000,1.000000,2.000000,1.000000,0.000000,0.000000,0.000000,0.000000,0.000000,0.000000,0.200000,0.100000,0.000000,0.000000,0.000000,0.000000,0.000000,0.000000,0.000000,0.000000,0.000000,0.500000,3.000000,0.000000,0.000000,0.000000,17.184036,9,9
23143,fuelbed_23143.xml,292,230.000000,6.006052,1.524600,1.629416,0.000000,0.000000,0.000000,0.000000,0.000000,7.000000,0.000000,90.000000,0.000000,0.200000,0.000000,90.000000,0.000000,0.320000,0.450000,0.450000,1.250000,1.000000,1.000000,0.000000,0.000000,0.000000,0.000000,0.000000,0.000000,0.300000,0.200000,0.000000,0.000000,0.000000,0.000000,0.000000,0.000000,0.000000,0.000000,0.000000,0.800000,5.500000,0.000000,0.000000,0.000000,26.530067,9,9
23144,fuelbed_23144.xml,292,230.000000,6.756808,2.286900,1.629416,0.000000,0.000000,0.000000,0.000000,0.000000,7.000000,0.000000,90.000000,0.000000,0.100000,0.000000,90.000000,0.000000,0.420000,0.890000,0.550000,1.750000,1.000000,1.000000,0.000000,0.000000,0.000000,0.000000,0.000000,0.000000,0.800000,0.500000,0.000000,0.000000,0.000000,0.000000,0.000000,0.000000,0.000000,0.000000,0.000000,0.800000,5.500000,0.000000,0.000000,0.000000,29.383125,9,9
23145,fuelbed_23145.xml,292,230.000000,10.510592,2.286900,1.629416,0.000000,0.000000,0.000000,0.000000,0.000000,5.000000,0.000000,90.000000,0.000000,0.100000,0.000000,90.000000,0.000000,0.530000,0.890000,0.600000,2.000000,0.500000,0.500000,0.000000,0.000000,0.000000,0.000000,0.000000,0.000000,1.100000,0.700000,0.000000,0.000000,0.000000,0.000000,0.000000,0.000000,0.000000,0.000000,0.000000,0.800000,5.500000,0.000000,0.000000,0.000000,30.746908,9,9
23146,fuelbed_23146.xml,292,230.000000,4.504539,4.573799,1.629416,0.000000,0.000000,0.000000,0.000000,0.000000,4.000000,0.000000,90.000000,0.000000,0.100000,0.000000,90.000000,0.000000,0.630000,0.890000,0.650000,2.500000,0.500000,0.500000,0.000000,0.000000,0.000000,0.000000,0.000000,0.000000,1.300000,0.750000,0.000000,0.000000,0.000000,0.000000,0.000000,0.000000,0.000000,0.000000,0.000000,0.800000,5.500000,0.000000,0.000000,0.000000,26.727755,9,9
31111,fuelbed_31111.xml,67,230.000000,0.102518,0.000000,0.000000,0.000000,0.000000,0.000000,0.000000,0.000000,0.500000,0.000000,90.000000,0.000000,0.500000,0.000000,80.000000,0.000000,0.020000,0.090000,0.100000,0.000000,0.000000,0.000000,0.000000,0.000000,0.000000,0.000000,0.000000,0.000000,0.100000,0.030000,0.000000,0.000000,0.000000,0.000000,0.000000,0.000000,0.000000,0.000000,0.000000,0.000000,0.000000,0.000000,0.000000,0.000000,1.342518,11,11
31112,fuelbed_31112.xml,67,230.000000,0.122545,0.000000,0.000000,0.000000,0.000000,0.000000,0.000000,0.000000,1.000000,0.000000,90.000000,0.000000,0.500000,0.000000,80.000000,0.000000,0.040000,0.090000,0.100000,0.050000,0.150000,0.150000,0.000000,0.000000,0.000000,0.000000,0.000000,0.000000,0.200000,0.050000,0.000000,0.000000,0.000000,0.000000,0.000000,0.000000,0.000000,0.000000,0.000000,0.000000,0.000000,0.000000,0.000000,0.000000,2.252545,11,11
31113,fuelbed_31113.xml,67,230.000000,0.902378,0.000000,0.000000,0.000000,0.000000,0.000000,0.000000,0.000000,2.500000,0.000000,90.000000,0.000000,0.400000,0.000000,80.000000,0.000000,0.050000,0.180000,0.200000,0.250000,0.300000,0.300000,0.000000,0.000000,0.000000,0.000000,0.000000,0.000000,0.400000,0.100000,0.000000,0.000000,0.000000,0.000000,0.000000,0.000000,0.000000,0.000000,0.000000,0.000000,0.000000,0.000000,0.000000,0.000000,5.182378,11,11
31114,fuelbed_31114.xml,67,230.000000,0.969221,0.000000,0.000000,0.000000,0.000000,0.000000,0.000000,0.000000,2.500000,0.000000,90.000000,0.000000,0.400000,0.000000,80.000000,0.000000,0.070000,0.300000,0.300000,0.500000,0.500000,0.500000,0.000000,0.000000,0.000000,0.000000,0.000000,0.000000,0.600000,0.250000,0.000000,0.000000,0.000000,0.000000,0.000000,0.000000,0.000000,0.000000,0.000000,0.000000,0.000000,0.000000,0.000000,0.000000,6.289221,11,11
31115,fuelbed_31115.xml,67,230.000000,1.570806,0.000000,0.000000,0.000000,0.000000,0.000000,0.000000,0.000000,2.500000,0.000000,90.000000,0.000000,0.300000,0.000000,80.000000,0.000000,0.090000,0.300000,0.340000,0.750000,0.500000,0.500000,0.000000,0.000000,0.000000,0.000000,0.000000,0.000000,0.800000,0.450000,0.000000,0.000000,0.000000,0.000000,0.000000,0.000000,0.000000,0.000000,0.000000,0.000000,0.000000,0.000000,0.000000,0.000000,7.300807,11,11
31116,fuelbed_31116.xml,67,230.000000,1.570806,0.000000,0.000000,0.000000,0.000000,0.000000,0.000000,0.000000,2.500000,0.000000,90.000000,0.000000,0.300000,0.000000,80.000000,0.000000,0.100000,0.300000,0.340000,1.000000,0.500000,0.500000,0.000000,0.000000,0.000000,0.000000,0.000000,0.000000,1.000000,0.650000,0.000000,0.000000,0.000000,0.000000,0.000000,0.000000,0.000000,0.000000,0.000000,0.000000,0.000000,0.000000,0.000000,0.000000,7.760807,11,11
31121,fuelbed_31121.xml,67,230.000000,0.102518,0.000000,0.000000,0.000000,0.000000,0.000000,0.000000,0.000000,2.000000,0.000000,90.000000,0.000000,0.400000,0.000000,80.000000,0.000000,0.040000,0.090000,0.100000,0.100000,0.000000,0.000000,0.000000,0.000000,0.000000,0.000000,0.000000,0.000000,0.100000,0.250000,0.000000,0.000000,0.000000,0.000000,0.000000,0.000000,0.000000,0.000000,0.000000,0.000000,0.000000,0.000000,0.000000,0.000000,3.082519,11,11
31122,fuelbed_31122.xml,67,230.000000,0.367635,0.000000,0.000000,0.000000,0.000000,0.000000,0.000000,0.000000,3.000000,0.000000,90.000000,0.000000,0.400000,0.000000,80.000000,0.000000,0.070000,0.180000,0.210000,0.450000,0.380000,0.380000,0.000000,0.000000,0.000000,0.000000,0.000000,0.000000,0.300000,0.450000,0.000000,0.000000,0.000000,0.000000,0.000000,0.000000,0.000000,0.000000,0.000000,0.000000,0.000000,0.000000,0.000000,0.000000,5.887636,11,11
31123,fuelbed_31123.xml,67,230.000000,1.804756,0.000000,0.000000,0.000000,0.000000,0.000000,0.000000,0.000000,3.500000,0.000000,90.000000,0.000000,0.300000,0.000000,80.000000,0.000000,0.110000,0.250000,0.340000,0.750000,0.750000,0.750000,0.000000,0.000000,0.000000,0.000000,0.000000,0.000000,0.500000,0.650000,0.000000,0.000000,0.000000,0.000000,0.000000,0.000000,0.000000,0.000000,0.000000,0.300000,0.500000,0.000000,0.000000,0.000000,9.704757,11,11
31124,fuelbed_31124.xml,67,230.000000,1.938442,0.000000,0.000000,0.000000,0.000000,0.000000,0.000000,0.000000,3.500000,0.000000,90.000000,0.000000,0.300000,0.000000,80.000000,0.000000,0.140000,0.300000,0.400000,1.000000,0.750000,0.750000,0.000000,0.000000,0.000000,0.000000,0.000000,0.000000,0.700000,0.850000,0.000000,0.000000,0.000000,0.000000,0.000000,0.000000,0.000000,0.000000,0.000000,0.300000,0.500000,0.000000,0.000000,0.000000,10.428442,11,11
31125,fuelbed_31125.xml,67,230.000000,3.141613,0.000000,0.000000,0.000000,0.000000,0.000000,0.000000,0.000000,3.500000,0.000000,90.000000,0.000000,0.200000,0.000000,80.000000,0.000000,0.180000,0.350000,0.410000,1.250000,0.750000,0.750000,0.000000,0.000000,0.000000,0.000000,0.000000,0.000000,0.900000,1.050000,0.000000,0.000000,0.000000,0.000000,0.000000,0.000000,0.000000,0.000000,0.000000,0.300000,0.500000,0.000000,0.000000,0.000000,12.081613,11,11
31126,fuelbed_31126.xml,67,230.000000,3.141613,0.000000,0.000000,0.000000,0.000000,0.000000,0.000000,0.000000,3.000000,0.000000,90.000000,0.000000,0.100000,0.000000,80.000000,0.000000,0.210000,0.350000,0.340000,1.500000,0.750000,0.750000,0.000000,0.000000,0.000000,0.000000,0.000000,0.000000,1.100000,1.250000,0.000000,0.000000,0.000000,0.000000,0.000000,0.000000,0.000000,0.000000,0.000000,0.300000,0.500000,0.000000,0.000000,0.000000,11.891613,11,11
31131,fuelbed_31131.xml,67,230.000000,0.000000,0.000000,0.000000,0.000000,0.000000,0.000000,0.000000,0.000000,4.000000,0.000000,90.000000,0.000000,0.350000,0.000000,80.000000,0.000000,0.150000,0.160000,0.200000,0.100000,0.000000,0.000000,0.000000,0.000000,0.000000,0.000000,0.000000,0.000000,0.200000,0.950000,0.000000,0.000000,0.000000,0.000000,0.000000,0.000000,0.000000,0.000000,0.000000,0.000000,0.000000,0.000000,0.000000,0.000000,5.910000,11,11
31132,fuelbed_31132.xml,67,230.000000,0.490181,0.000000,0.000000,0.000000,0.000000,0.000000,0.000000,0.000000,6.000000,0.000000,90.000000,0.000000,0.300000,0.000000,80.000000,0.000000,0.110000,0.220000,0.300000,0.750000,0.380000,0.380000,0.000000,0.000000,0.000000,0.000000,0.000000,0.000000,0.400000,1.500000,0.000000,0.000000,0.000000,0.000000,0.000000,0.000000,0.000000,0.000000,0.000000,0.300000,0.500000,0.000000,0.000000,0.000000,10.930182,11,11
31133,fuelbed_31133.xml,67,230.000000,1.804756,0.000000,0.898425,0.000000,0.000000,0.000000,0.000000,0.000000,8.000000,0.000000,90.000000,0.000000,0.200000,0.000000,80.000000,0.000000,0.160000,0.320000,0.350000,1.000000,0.750000,0.750000,0.000000,0.000000,0.000000,0.000000,0.000000,0.000000,0.600000,1.950000,0.000000,0.000000,0.000000,0.000000,0.000000,0.000000,0.000000,0.000000,0.000000,0.500000,2.500000,0.000000,0.000000,0.000000,18.683180,11,11
31134,fuelbed_31134.xml,67,230.000000,1.938442,0.000000,2.123550,0.000000,0.000000,0.000000,0.000000,0.000000,8.000000,0.000000,90.000000,0.000000,0.100000,0.000000,80.000000,0.000000,0.210000,0.450000,0.400000,1.250000,1.250000,1.250000,0.000000,0.000000,0.000000,0.000000,0.000000,0.000000,0.800000,2.150000,0.000000,0.000000,0.000000,0.000000,0.000000,0.000000,0.000000,0.000000,0.000000,0.500000,2.500000,0.000000,0.000000,0.000000,21.621994,11,11
31135,fuelbed_31135.xml,67,230.000000,3.141613,0.000000,1.633500,0.000000,0.000000,0.000000,0.000000,0.000000,7.500000,0.000000,90.000000,0.000000,0.100000,0.000000,80.000000,0.000000,0.260000,0.500000,0.450000,1.500000,1.750000,1.750000,0.000000,0.000000,0.000000,0.000000,0.000000,0.000000,1.000000,2.350000,0.000000,0.000000,0.000000,0.000000,0.000000,0.000000,0.000000,0.000000,0.000000,0.500000,2.500000,0.000000,0.000000,0.000000,23.435114,11,11
31136,fuelbed_31136.xml,67,230.000000,3.141613,0.000000,1.633500,0.000000,0.000000,0.000000,0.000000,0.000000,7.000000,0.000000,90.000000,0.000000,0.100000,0.000000,80.000000,0.000000,0.320000,0.550000,0.470000,1.750000,1.750000,1.750000,0.000000,0.000000,0.000000,0.000000,0.000000,0.000000,1.200000,2.750000,0.000000,0.000000,0.000000,0.000000,0.000000,0.000000,0.000000,0.000000,0.000000,0.500000,2.500000,0.000000,0.000000,0.000000,23.715115,11,11
31513,fuelbed_31513.xml,70,230.000000,0.970299,0.000000,0.181122,0.000000,0.000000,0.000000,0.000000,0.000000,0.750000,0.000000,90.000000,0.000000,0.400000,0.000000,80.000000,0.000000,0.050000,0.180000,0.170000,0.500000,0.300000,0.300000,0.000000,0.000000,0.000000,0.000000,0.000000,0.000000,0.400000,0.100000,0.000000,0.000000,0.000000,0.000000,0.000000,0.000000,0.000000,0.000000,0.000000,0.000000,0.000000,0.000000,0.000000,0.000000,3.901422,11,11
31514,fuelbed_31514.xml,70,230.000000,1.617165,0.000000,0.172498,0.000000,0.000000,0.000000,0.000000,0.000000,1.000000,0.000000,90.000000,0.000000,0.400000,0.000000,80.000000,0.000000,0.070000,0.300000,0.350000,0.750000,0.500000,0.500000,0.000000,0.000000,0.000000,0.000000,0.000000,0.000000,0.600000,0.250000,0.000000,0.000000,0.000000,0.000000,0.000000,0.000000,0.000000,0.000000,0.000000,0.000000,0.000000,0.000000,0.000000,0.000000,5.909662,11,11
31523,fuelbed_31523.xml,70,230.000000,1.940598,0.000000,0.113202,0.000000,0.000000,0.000000,0.000000,0.000000,3.000000,0.000000,90.000000,0.000000,0.300000,0.000000,80.000000,0.000000,0.110000,0.250000,0.400000,0.750000,0.750000,0.750000,0.000000,0.000000,0.000000,0.000000,0.000000,0.000000,0.500000,0.650000,0.000000,0.000000,0.000000,0.000000,0.000000,0.000000,0.000000,0.000000,0.000000,0.100000,0.500000,0.000000,0.000000,0.000000,9.513800,11,11
31524,fuelbed_31524.xml,70,230.000000,3.234330,0.000000,0.107811,0.000000,0.000000,0.000000,0.000000,0.000000,3.500000,0.000000,90.000000,0.000000,0.300000,0.000000,80.000000,0.000000,0.140000,0.300000,0.420000,1.000000,1.500000,1.500000,0.000000,0.000000,0.000000,0.000000,0.000000,0.000000,0.700000,0.850000,0.000000,0.000000,0.000000,0.000000,0.000000,0.000000,0.000000,0.000000,0.000000,0.100000,0.500000,0.000000,0.000000,0.000000,13.352141,11,11
31532,fuelbed_31532.xml,70,230.000000,0.862488,0.000000,0.000000,0.000000,0.000000,0.000000,0.000000,0.000000,6.000000,0.000000,90.000000,0.000000,0.300000,0.000000,80.000000,0.000000,0.110000,0.320000,0.300000,0.750000,0.380000,0.380000,0.000000,0.000000,0.000000,0.000000,0.000000,0.000000,0.400000,1.500000,0.000000,0.000000,0.000000,0.000000,0.000000,0.000000,0.000000,0.000000,0.000000,0.100000,0.500000,0.000000,0.000000,0.000000,11.402489,11,11
31533,fuelbed_31533.xml,70,230.000000,1.940598,0.000000,0.477505,0.000000,0.000000,0.000000,0.000000,0.000000,7.000000,0.000000,90.000000,0.000000,0.200000,0.000000,80.000000,0.000000,0.160000,0.450000,0.350000,1.000000,0.750000,0.750000,0.000000,0.000000,0.000000,0.000000,0.000000,0.000000,0.600000,1.950000,0.000000,0.000000,0.000000,0.000000,0.000000,0.000000,0.000000,0.000000,0.000000,0.400000,2.500000,0.000000,0.000000,0.000000,17.528103,11,11
31534,fuelbed_31534.xml,70,230.000000,3.234330,0.000000,0.454766,0.000000,0.000000,0.000000,0.000000,0.000000,7.000000,0.000000,90.000000,0.000000,0.100000,0.000000,80.000000,0.000000,0.210000,0.500000,0.400000,1.250000,1.750000,1.750000,0.000000,0.000000,0.000000,0.000000,0.000000,0.000000,0.800000,2.150000,0.000000,0.000000,0.000000,0.000000,0.000000,0.000000,0.000000,0.000000,0.000000,0.400000,2.500000,0.000000,0.000000,0.000000,21.299097,11,11
31541,fuelbed_31541.xml,70,230.000000,2.402421,0.000000,0.000000,0.000000,0.000000,0.000000,0.000000,0.000000,3.500000,0.000000,90.000000,0.000000,0.300000,0.000000,80.000000,0.000000,0.070000,1.670000,0.250000,0.200000,2.000000,1.000000,0.000000,0.000000,0.000000,0.000000,0.000000,0.000000,0.100000,0.950000,0.000000,0.000000,0.000000,0.000000,0.000000,0.000000,0.000000,0.000000,0.000000,0.300000,2.000000,0.000000,0.000000,0.000000,14.342422,11,11
31542,fuelbed_31542.xml,70,230.000000,4.004035,0.000000,0.000000,0.000000,0.000000,0.000000,0.000000,0.000000,5.500000,0.000000,90.000000,0.000000,0.200000,0.000000,80.000000,0.000000,0.140000,0.220000,0.350000,0.500000,2.000000,1.000000,0.000000,0.000000,0.000000,0.000000,0.000000,0.000000,0.200000,1.500000,0.000000,0.000000,0.000000,0.000000,0.000000,0.000000,0.000000,0.000000,0.000000,0.500000,3.000000,0.000000,0.000000,0.000000,18.414036,11,11
31543,fuelbed_31543.xml,70,230.000000,6.006052,1.524600,1.629416,0.000000,0.000000,0.000000,0.000000,0.000000,5.500000,0.000000,90.000000,0.000000,0.100000,0.000000,80.000000,0.000000,0.210000,0.450000,0.400000,1.000000,1.000000,1.000000,0.000000,0.000000,0.000000,0.000000,0.000000,0.000000,0.400000,1.950000,0.000000,0.000000,0.000000,0.000000,0.000000,0.000000,0.000000,0.000000,0.000000,0.900000,5.500000,0.000000,0.000000,0.000000,26.270067,11,11
31544,fuelbed_31544.xml,70,230.000000,6.756808,2.286900,1.629416,0.000000,0.000000,0.000000,0.000000,0.000000,5.500000,0.000000,90.000000,0.000000,0.050000,0.000000,80.000000,0.000000,0.280000,0.890000,0.450000,1.500000,1.000000,1.000000,0.000000,0.000000,0.000000,0.000000,0.000000,0.000000,0.600000,2.150000,0.000000,0.000000,0.000000,0.000000,0.000000,0.000000,0.000000,0.000000,0.000000,0.900000,5.500000,0.000000,0.000000,0.000000,28.993124,11,11
32141,fuelbed_32141.xml,71,230.000000,0.000000,0.000000,0.000000,0.000000,0.000000,0.000000,0.000000,0.000000,1.500000,0.000000,90.000000,0.000000,0.500000,0.000000,80.000000,0.000000,1.300000,0.200000,0.150000,0.200000,0.000000,0.000000,0.000000,0.000000,0.000000,0.000000,0.000000,0.000000,0.800000,0.500000,0.000000,0.000000,0.000000,0.000000,0.000000,0.000000,0.000000,0.000000,0.000000,0.000000,0.000000,0.000000,0.000000,0.000000,4.350000,11,11
32142,fuelbed_32142.xml,71,230.000000,1.234436,0.000000,0.000000,0.000000,0.000000,0.000000,0.000000,0.000000,2.500000,0.000000,90.000000,0.000000,0.300000,0.000000,80.000000,0.000000,1.300000,0.200000,0.150000,0.500000,0.380000,0.380000,0.000000,0.000000,0.000000,0.000000,0.000000,0.000000,1.400000,2.500000,0.000000,0.000000,0.000000,0.000000,0.000000,0.000000,0.000000,0.000000,0.000000,0.300000,0.500000,0.000000,0.000000,0.000000,9.944436,11,11
32143,fuelbed_32143.xml,71,230.000000,5.150965,0.000000,1.437480,0.000000,0.000000,0.000000,0.000000,0.000000,3.500000,0.000000,90.000000,0.000000,0.100000,0.000000,80.000000,0.000000,2.600000,0.400000,0.300000,1.000000,0.750000,0.750000,0.000000,0.000000,0.000000,0.000000,0.000000,0.000000,1.400000,2.500000,0.000000,0.000000,0.000000,0.000000,0.000000,0.000000,0.000000,0.000000,0.000000,0.500000,2.500000,0.000000,0.000000,0.000000,20.988447,11,11
32144,fuelbed_32144.xml,71,230.000000,5.532518,0.000000,2.090880,0.000000,0.000000,0.000000,0.000000,0.000000,3.500000,0.000000,90.000000,0.000000,0.100000,0.000000,80.000000,0.000000,4.000000,0.600000,0.480000,1.500000,1.250000,1.250000,0.000000,0.000000,0.000000,0.000000,0.000000,0.000000,2.000000,5.000000,0.000000,0.000000,0.000000,0.000000,0.000000,0.000000,0.000000,0.000000,0.000000,0.800000,5.000000,0.000000,0.000000,0.000000,30.303400,11,11
32145,fuelbed_32145.xml,71,230.000000,8.966495,0.000000,1.742400,0.000000,0.000000,0.000000,0.000000,0.000000,3.500000,0.000000,90.000000,0.000000,0.100000,0.000000,80.000000,0.000000,5.230000,0.800000,0.580000,1.750000,1.750000,1.750000,0.000000,0.000000,0.000000,0.000000,0.000000,0.000000,2.000000,5.000000,0.000000,0.000000,0.000000,0.000000,0.000000,0.000000,0.000000,0.000000,0.000000,0.800000,5.500000,0.000000,0.000000,0.000000,36.668896,11,11
32146,fuelbed_32146.xml,71,230.000000,8.966495,0.000000,1.742400,0.000000,0.000000,0.000000,0.000000,0.000000,3.500000,0.000000,90.000000,0.000000,0.100000,0.000000,80.000000,0.000000,5.230000,0.800000,0.580000,2.000000,1.750000,1.750000,0.000000,0.000000,0.000000,0.000000,0.000000,0.000000,2.000000,5.000000,0.000000,0.000000,0.000000,0.000000,0.000000,0.000000,0.000000,0.000000,0.000000,0.800000,5.500000,0.000000,0.000000,0.000000,36.918896,11,11
33141,fuelbed_33141.xml,52,230.000000,0.476438,0.000000,0.000000,0.000000,0.000000,0.000000,0.000000,0.000000,2.000000,0.000000,90.000000,0.000000,0.300000,0.000000,80.000000,0.000000,0.070000,0.160000,0.250000,0.200000,0.000000,0.000000,0.000000,0.000000,0.000000,0.000000,0.000000,0.000000,0.100000,0.050000,0.000000,0.000000,0.000000,0.000000,0.000000,0.000000,0.000000,0.000000,0.000000,0.000000,0.000000,0.000000,0.000000,0.000000,3.506438,9,9
33142,fuelbed_33142.xml,52,230.000000,1.586619,0.000000,0.000000,0.000000,0.000000,0.000000,0.000000,0.000000,4.000000,0.000000,90.000000,0.000000,0.200000,0.000000,80.000000,0.000000,0.140000,0.220000,0.350000,0.500000,0.380000,0.380000,0.000000,0.000000,0.000000,0.000000,0.000000,0.000000,0.200000,0.100000,0.000000,0.000000,0.000000,0.000000,0.000000,0.000000,0.000000,0.000000,0.000000,0.000000,0.000000,0.000000,0.000000,0.000000,7.856618,9,9
33143,fuelbed_33143.xml,52,230.000000,6.620526,0.000000,1.257795,0.000000,0.000000,0.000000,0.000000,0.000000,4.500000,0.000000,90.000000,0.000000,0.100000,0.000000,80.000000,0.000000,0.210000,0.350000,0.400000,1.000000,0.750000,0.750000,0.000000,0.000000,0.000000,0.000000,0.000000,0.000000,0.400000,0.200000,0.000000,0.000000,0.000000,0.000000,0.000000,0.000000,0.000000,0.000000,0.000000,0.300000,0.500000,0.000000,0.000000,0.000000,16.638321,9,9
33144,fuelbed_33144.xml,52,230.000000,7.110935,0.000000,1.829520,0.000000,0.000000,0.000000,0.000000,0.000000,4.500000,0.000000,90.000000,0.000000,0.050000,0.000000,80.000000,0.000000,0.280000,0.500000,0.450000,1.500000,1.250000,1.250000,0.000000,0.000000,0.000000,0.000000,0.000000,0.000000,0.600000,0.500000,0.000000,0.000000,0.000000,0.000000,0.000000,0.000000,0.000000,0.000000,0.000000,0.200000,0.800000,0.000000,0.000000,0.000000,20.020456,9,9
33145,fuelbed_33145.xml,52,230.000000,11.524621,0.000000,1.524600,0.000000,0.000000,0.000000,0.000000,0.000000,4.000000,0.000000,90.000000,0.000000,0.050000,0.000000,80.000000,0.000000,0.350000,0.550000,0.500000,1.750000,1.750000,1.750000,0.000000,0.000000,0.000000,0.000000,0.000000,0.000000,0.800000,0.700000,0.000000,0.000000,0.000000,0.000000,0.000000,0.000000,0.000000,0.000000,0.000000,0.200000,1.000000,0.000000,0.000000,0.000000,25.449221,9,9
33146,fuelbed_33146.xml,52,230.000000,11.524621,0.000000,1.524600,0.000000,0.000000,0.000000,0.000000,0.000000,3.000000,0.000000,90.000000,0.000000,0.050000,0.000000,80.000000,0.000000,0.420000,0.600000,0.550000,2.000000,1.750000,1.750000,0.000000,0.000000,0.000000,0.000000,0.000000,0.000000,1.000000,0.750000,0.000000,0.000000,0.000000,0.000000,0.000000,0.000000,0.000000,0.000000,0.000000,0.200000,1.000000,0.000000,0.000000,0.000000,24.919220,9,9
41111,fuelbed_41111.xml,75,230.000000,0.274330,0.000000,0.000000,0.000000,0.000000,0.000000,0.000000,0.000000,0.250000,0.000000,90.000000,0.000000,0.250000,0.000000,70.000000,0.000000,0.010000,0.080000,0.040000,0.050000,0.000000,0.000000,0.000000,0.000000,0.000000,0.000000,0.000000,0.000000,0.500000,0.030000,0.000000,0.000000,0.000000,0.000000,0.000000,0.000000,0.000000,0.000000,0.000000,0.000000,0.000000,0.000000,0.000000,0.000000,0.984330,11,11
41112,fuelbed_41112.xml,75,230.000000,0.545524,0.000000,0.307250,0.000000,0.000000,0.000000,0.000000,0.000000,0.500000,0.000000,90.000000,0.000000,0.200000,0.000000,70.000000,0.000000,0.020000,0.080000,0.040000,0.100000,0.150000,0.150000,0.000000,0.000000,0.000000,0.000000,0.000000,0.000000,0.800000,0.050000,0.000000,0.000000,0.000000,0.000000,0.000000,0.000000,0.000000,0.000000,0.000000,0.000000,0.000000,0.000000,0.000000,0.000000,2.142773,11,11
41113,fuelbed_41113.xml,75,230.000000,2.425748,0.000000,0.307250,0.000000,0.000000,0.000000,0.000000,0.000000,0.500000,0.000000,90.000000,0.000000,0.150000,0.000000,70.000000,0.000000,0.030000,0.160000,0.080000,0.150000,0.300000,0.300000,0.000000,0.000000,0.000000,0.000000,0.000000,0.000000,0.800000,0.100000,0.000000,0.000000,0.000000,0.000000,0.000000,0.000000,0.000000,0.000000,0.000000,0.000000,0.000000,0.000000,0.000000,0.000000,4.502997,11,11
41114,fuelbed_41114.xml,75,230.000000,1.746538,0.000000,0.307250,0.000000,0.000000,0.000000,0.000000,0.000000,0.500000,0.000000,90.000000,0.000000,0.100000,0.000000,70.000000,0.000000,0.040000,0.320000,0.160000,0.300000,0.500000,0.500000,0.000000,0.000000,0.000000,0.000000,0.000000,0.000000,0.800000,0.250000,0.000000,0.000000,0.000000,0.000000,0.000000,0.000000,0.000000,0.000000,0.000000,0.000000,0.000000,0.000000,0.000000,0.000000,4.723788,11,11
41115,fuelbed_41115.xml,75,230.000000,1.940598,0.000000,0.307250,0.000000,0.000000,0.000000,0.000000,0.000000,0.500000,0.000000,90.000000,0.000000,0.050000,0.000000,70.000000,0.000000,0.040000,0.400000,0.200000,0.600000,0.750000,0.750000,0.000000,0.000000,0.000000,0.000000,0.000000,0.000000,0.800000,0.450000,0.000000,0.000000,0.000000,0.000000,0.000000,0.000000,0.000000,0.000000,0.000000,0.000000,0.000000,0.000000,0.000000,0.000000,5.987848,11,11
41116,fuelbed_41116.xml,75,230.000000,2.425748,0.000000,0.307250,0.000000,0.000000,0.000000,0.000000,0.000000,0.500000,0.000000,90.000000,0.000000,0.030000,0.000000,70.000000,0.000000,0.050000,0.400000,0.200000,0.750000,0.750000,0.750000,0.000000,0.000000,0.000000,0.000000,0.000000,0.000000,0.900000,0.650000,0.000000,0.000000,0.000000,0.000000,0.000000,0.000000,0.000000,0.000000,0.000000,0.000000,0.000000,0.000000,0.000000,0.000000,6.812997,11,11
41121,fuelbed_41121.xml,75,230.000000,0.438928,0.000000,0.000000,0.000000,0.000000,0.000000,0.000000,0.000000,0.500000,0.000000,90.000000,0.000000,0.200000,0.000000,70.000000,0.000000,0.020000,0.080000,0.080000,0.100000,0.150000,0.150000,0.000000,0.000000,0.000000,0.000000,0.000000,0.000000,0.500000,0.250000,0.000000,0.000000,0.000000,0.000000,0.000000,0.000000,0.000000,0.000000,0.000000,0.000000,0.000000,0.000000,0.000000,0.000000,1.968928,11,11
41122,fuelbed_41122.xml,75,230.000000,0.818286,0.000000,0.658392,0.000000,0.000000,0.000000,0.000000,0.000000,0.650000,0.000000,90.000000,0.000000,0.150000,0.000000,70.000000,0.000000,0.040000,0.090000,0.080000,0.200000,0.150000,0.150000,0.000000,0.000000,0.000000,0.000000,0.000000,0.000000,0.800000,0.450000,0.000000,0.000000,0.000000,0.000000,0.000000,0.000000,0.000000,0.000000,0.000000,0.000000,0.000000,0.000000,0.000000,0.000000,3.436677,11,11
41123,fuelbed_41123.xml,75,230.000000,3.503857,0.000000,1.021117,0.000000,0.000000,0.000000,0.000000,0.000000,0.650000,0.000000,90.000000,0.000000,0.100000,0.000000,70.000000,0.000000,0.050000,0.190000,0.160000,0.250000,0.300000,0.300000,0.000000,0.000000,0.000000,0.000000,0.000000,0.000000,0.900000,0.650000,0.000000,0.000000,0.000000,0.000000,0.000000,0.000000,0.000000,0.000000,0.000000,0.300000,1.000000,0.000000,0.000000,0.000000,8.174974,11,11
41124,fuelbed_41124.xml,75,230.000000,2.522777,0.000000,1.524056,0.000000,0.000000,0.000000,0.000000,0.000000,0.650000,0.000000,90.000000,0.000000,0.050000,0.000000,70.000000,0.000000,0.070000,0.350000,0.200000,0.500000,0.500000,0.500000,0.000000,0.000000,0.000000,0.000000,0.000000,0.000000,1.000000,0.850000,0.000000,0.000000,0.000000,0.000000,0.000000,0.000000,0.000000,0.000000,0.000000,0.300000,1.000000,0.000000,0.000000,0.000000,8.716832,11,11
41125,fuelbed_41125.xml,75,230.000000,2.803086,0.000000,2.895705,0.000000,0.000000,0.000000,0.000000,0.000000,0.650000,0.000000,90.000000,0.000000,0.030000,0.000000,70.000000,0.000000,0.090000,0.450000,0.250000,0.750000,0.750000,0.750000,0.000000,0.000000,0.000000,0.000000,0.000000,0.000000,1.000000,1.050000,0.000000,0.000000,0.000000,0.000000,0.000000,0.000000,0.000000,0.000000,0.000000,0.300000,1.000000,0.000000,0.000000,0.000000,11.468792,11,11
41126,fuelbed_41126.xml,75,230.000000,3.503857,0.000000,1.097320,0.000000,0.000000,0.000000,0.000000,0.000000,0.650000,0.000000,90.000000,0.000000,0.020000,0.000000,70.000000,0.000000,0.100000,0.450000,0.250000,1.000000,0.750000,0.750000,0.000000,0.000000,0.000000,0.000000,0.000000,0.000000,1.000000,1.250000,0.000000,0.000000,0.000000,0.000000,0.000000,0.000000,0.000000,0.000000,0.000000,0.300000,1.000000,0.000000,0.000000,0.000000,10.821177,11,11
41131,fuelbed_41131.xml,75,230.000000,0.470448,0.000000,0.000000,0.000000,0.000000,0.000000,0.000000,0.000000,0.600000,0.000000,90.000000,0.000000,0.150000,0.000000,70.000000,0.000000,0.030000,0.100000,0.090000,0.100000,0.250000,0.250000,0.000000,0.000000,0.000000,0.000000,0.000000,0.000000,0.500000,0.950000,0.000000,0.000000,0.000000,0.000000,0.000000,0.000000,0.000000,0.000000,0.000000,0.000000,0.000000,0.000000,0.000000,0.000000,2.990448,11,11
41132,fuelbed_41132.xml,75,230.000000,0.845562,0.000000,0.705672,0.000000,0.000000,0.000000,0.000000,0.000000,0.800000,0.000000,90.000000,0.000000,0.100000,0.000000,70.000000,0.000000,0.050000,0.250000,0.140000,0.250000,0.500000,0.500000,0.000000,0.000000,0.000000,0.000000,0.000000,0.000000,0.800000,1.500000,0.000000,0.000000,0.000000,0.000000,0.000000,0.000000,0.000000,0.000000,0.000000,0.000000,0.000000,0.000000,0.000000,0.000000,5.641233,11,11
41133,fuelbed_41133.xml,75,230.000000,3.620652,0.000000,1.094445,0.000000,0.000000,0.000000,0.000000,0.000000,1.000000,0.000000,90.000000,0.000000,0.050000,0.000000,70.000000,0.000000,0.080000,0.500000,0.210000,0.500000,0.750000,0.750000,0.000000,0.000000,0.000000,0.000000,0.000000,0.000000,0.900000,1.950000,0.000000,0.000000,0.000000,0.000000,0.000000,0.000000,0.000000,0.000000,0.000000,0.300000,1.000000,0.000000,0.000000,0.000000,11.505098,11,11
41134,fuelbed_41134.xml,75,230.000000,3.609512,0.000000,1.633500,0.000000,0.000000,0.000000,0.000000,0.000000,1.000000,0.000000,90.000000,0.000000,0.030000,0.000000,70.000000,0.000000,0.110000,0.600000,0.280000,0.750000,1.000000,1.000000,0.000000,0.000000,0.000000,0.000000,0.000000,0.000000,1.000000,2.150000,0.000000,0.000000,0.000000,0.000000,0.000000,0.000000,0.000000,0.000000,0.000000,0.500000,2.000000,0.000000,0.000000,0.000000,14.163013,11,11
41135,fuelbed_41135.xml,75,230.000000,4.010570,0.000000,3.920399,0.000000,0.000000,0.000000,0.000000,0.000000,1.000000,0.000000,90.000000,0.000000,0.020000,0.000000,70.000000,0.000000,0.130000,0.750000,0.350000,1.000000,1.250000,1.250000,0.000000,0.000000,0.000000,0.000000,0.000000,0.000000,1.000000,2.350000,0.000000,0.000000,0.000000,0.000000,0.000000,0.000000,0.000000,0.000000,0.000000,0.800000,2.500000,0.000000,0.000000,0.000000,18.530970,11,11
41136,fuelbed_41136.xml,75,230.000000,4.932354,0.000000,3.920399,0.000000,0.000000,0.000000,0.000000,0.000000,1.000000,0.000000,90.000000,0.000000,0.010000,0.000000,70.000000,0.000000,0.160000,1.000000,0.400000,1.250000,1.500000,1.500000,0.000000,0.000000,0.000000,0.000000,0.000000,0.000000,1.000000,2.750000,0.000000,0.000000,0.000000,0.000000,0.000000,0.000000,0.000000,0.000000,0.000000,0.800000,2.500000,0.000000,0.000000,0.000000,20.922752,11,11
41211,fuelbed_41211.xml,75,230.000000,0.198046,0.000000,0.000000,0.000000,0.000000,0.000000,0.000000,0.000000,0.500000,0.000000,90.000000,0.000000,0.500000,0.000000,60.000000,0.000000,1.140000,0.400000,1.900000,2.500000,1.250000,1.250000,0.000000,0.000000,0.000000,0.000000,0.000000,0.000000,2.000000,3.500000,0.000000,0.000000,0.000000,0.000000,0.000000,0.000000,0.000000,0.000000,0.000000,0.800000,2.500000,0.000000,0.000000,0.000000,15.638045,11,11
41212,fuelbed_41212.xml,75,230.000000,0.339507,0.000000,0.000000,0.000000,0.000000,0.000000,0.000000,0.000000,2.000000,0.000000,90.000000,0.000000,0.500000,0.000000,60.000000,0.000000,2.380000,0.680000,1.370000,1.500000,0.750000,0.750000,0.000000,0.000000,0.000000,0.000000,0.000000,0.000000,1.000000,2.500000,0.000000,0.000000,0.000000,0.000000,0.000000,0.000000,0.000000,0.000000,0.000000,0.500000,1.500000,0.000000,0.000000,0.000000,14.269506,11,11
41213,fuelbed_41213.xml,75,230.000000,1.046812,0.000000,0.000000,0.000000,0.000000,0.000000,0.000000,0.000000,2.000000,0.000000,90.000000,0.000000,0.500000,0.000000,60.000000,0.000000,3.960000,1.140000,1.370000,2.500000,1.250000,1.250000,0.000000,0.000000,0.000000,0.000000,0.000000,0.000000,1.500000,3.000000,0.000000,0.000000,0.000000,0.000000,0.000000,0.000000,0.000000,0.000000,0.000000,0.800000,2.500000,0.000000,0.000000,0.000000,20.516813,11,11
41313,fuelbed_41313.xml,75,230.000000,0.259400,0.000000,0.000000,0.000000,0.000000,0.000000,0.000000,0.000000,0.200000,0.000000,90.000000,0.000000,0.200000,0.000000,60.000000,0.000000,1.990000,0.940000,3.220000,2.000000,1.000000,1.000000,0.000000,0.000000,0.000000,0.000000,0.000000,0.000000,0.500000,2.000000,0.000000,0.000000,0.000000,0.000000,0.000000,0.000000,0.000000,0.000000,0.000000,0.500000,1.500000,0.000000,0.000000,0.000000,14.309402,11,11
41314,fuelbed_41314.xml,75,230.000000,0.583650,0.000000,0.000000,0.000000,0.000000,0.000000,0.000000,0.000000,0.200000,0.000000,90.000000,0.000000,0.200000,0.000000,60.000000,0.000000,2.970000,1.400000,4.800000,3.000000,1.500000,1.500000,0.000000,0.000000,0.000000,0.000000,0.000000,0.000000,1.500000,3.000000,0.000000,0.000000,0.000000,0.000000,0.000000,0.000000,0.000000,0.000000,0.000000,0.000000,0.000000,0.000000,0.000000,0.000000,19.153650,11,11
41315,fuelbed_41315.xml,75,230.000000,0.881959,0.000000,0.000000,0.000000,0.000000,0.000000,0.000000,0.000000,0.200000,0.000000,90.000000,0.000000,0.200000,0.000000,60.000000,0.000000,2.970000,1.400000,4.800000,3.000000,1.500000,1.500000,0.000000,0.000000,0.000000,0.000000,0.000000,0.000000,1.500000,3.000000,0.000000,0.000000,0.000000,0.000000,0.000000,0.000000,0.000000,0.000000,0.000000,0.000000,0.000000,0.000000,0.000000,0.000000,19.451960,11,11
41316,fuelbed_41316.xml,75,230.000000,1.102449,0.000000,0.000000,0.000000,0.000000,0.000000,0.000000,0.000000,0.200000,0.000000,90.000000,0.000000,0.200000,0.000000,60.000000,0.000000,2.970000,1.400000,4.800000,3.000000,1.500000,1.500000,0.000000,0.000000,0.000000,0.000000,0.000000,0.000000,1.500000,3.000000,0.000000,0.000000,0.000000,0.000000,0.000000,0.000000,0.000000,0.000000,0.000000,0.000000,0.000000,0.000000,0.000000,0.000000,19.672451,11,11
41413,fuelbed_41413.xml,75,230.000000,0.259400,0.000000,0.000000,0.000000,0.000000,0.000000,0.000000,0.000000,0.500000,0.000000,90.000000,0.000000,2.000000,0.000000,60.000000,0.000000,2.170000,1.020000,3.500000,2.750000,1.380000,1.380000,0.000000,0.000000,0.000000,0.000000,0.000000,0.000000,0.500000,2.000000,0.000000,0.000000,0.000000,0.000000,0.000000,0.000000,0.000000,0.000000,0.000000,0.500000,1.500000,0.000000,0.000000,0.000000,18.459402,11,11
41414,fuelbed_41414.xml,75,230.000000,0.583650,0.000000,0.000000,0.000000,0.000000,0.000000,0.000000,0.000000,0.500000,0.000000,90.000000,0.000000,2.000000,0.000000,60.000000,0.000000,2.970000,1.400000,4.800000,3.750000,1.880000,1.880000,0.000000,0.000000,0.000000,0.000000,0.000000,0.000000,1.500000,3.000000,0.000000,0.000000,0.000000,0.000000,0.000000,0.000000,0.000000,0.000000,0.000000,0.000000,0.000000,0.000000,0.000000,0.000000,22.763649,11,11
41415,fuelbed_41415.xml,75,230.000000,0.881959,0.000000,0.000000,0.000000,0.000000,0.000000,0.000000,0.000000,0.500000,0.000000,90.000000,0.000000,2.000000,0.000000,60.000000,0.000000,2.970000,1.400000,4.800000,3.750000,1.880000,1.880000,0.000000,0.000000,0.000000,0.000000,0.000000,0.000000,1.500000,3.000000,0.000000,0.000000,0.000000,0.000000,0.000000,0.000000,0.000000,0.000000,0.000000,0.000000,0.000000,0.000000,0.000000,0.000000,23.061960,11,11
41416,fuelbed_41416.xml,75,230.000000,1.102449,0.000000,0.000000,0.000000,0.000000,0.000000,0.000000,0.000000,0.500000,0.000000,90.000000,0.000000,2.000000,0.000000,60.000000,0.000000,2.970000,1.400000,4.800000,3.750000,1.880000,1.880000,0.000000,0.000000,0.000000,0.000000,0.000000,0.000000,1.500000,3.000000,0.000000,0.000000,0.000000,0.000000,0.000000,0.000000,0.000000,0.000000,0.000000,0.000000,0.000000,0.000000,0.000000,0.000000,23.282450,11,11
41513,fuelbed_41513.xml,70,220.000000,2.425748,0.000000,0.307250,0.000000,0.000000,0.000000,0.000000,0.000000,0.500000,0.000000,90.000000,0.000000,0.150000,0.000000,70.000000,0.000000,0.030000,0.160000,0.080000,0.150000,0.300000,0.300000,0.000000,0.000000,0.000000,0.000000,0.000000,0.000000,0.800000,0.100000,0.000000,0.000000,0.000000,0.000000,0.000000,0.000000,0.000000,0.000000,0.000000,0.000000,0.000000,0.000000,0.000000,0.000000,4.502997,11,11
41514,fuelbed_41514.xml,70,220.000000,1.746538,0.000000,0.307250,0.000000,0.000000,0.000000,0.000000,0.000000,0.500000,0.000000,90.000000,0.000000,0.150000,0.000000,70.000000,0.000000,0.350000,0.320000,0.160000,0.300000,0.500000,0.500000,0.000000,0.000000,0.000000,0.000000,0.000000,0.000000,0.800000,0.250000,0.000000,0.000000,0.000000,0.000000,0.000000,0.000000,0.000000,0.000000,0.000000,0.000000,0.000000,0.000000,0.000000,0.000000,5.083788,11,11
41523,fuelbed_41523.xml,70,220.000000,3.503857,0.000000,1.021117,0.000000,0.000000,0.000000,0.000000,0.000000,0.650000,0.000000,90.000000,0.000000,0.100000,0.000000,70.000000,0.000000,0.050000,0.190000,0.080000,0.250000,0.300000,0.300000,0.000000,0.000000,0.000000,0.000000,0.000000,0.000000,0.900000,0.650000,0.000000,0.000000,0.000000,0.000000,0.000000,0.000000,0.000000,0.000000,0.000000,0.300000,1.000000,0.000000,0.000000,0.000000,8.094975,11,11
41532,fuelbed_41532.xml,70,220.000000,0.845562,0.000000,0.705672,0.000000,0.000000,0.000000,0.000000,0.000000,0.500000,0.000000,90.000000,0.000000,0.100000,0.000000,70.000000,0.000000,0.050000,0.250000,0.140000,0.250000,0.500000,0.500000,0.000000,0.000000,0.000000,0.000000,0.000000,0.000000,0.800000,1.500000,0.000000,0.000000,0.000000,0.000000,0.000000,0.000000,0.000000,0.000000,0.000000,0.000000,0.000000,0.000000,0.000000,0.000000,5.341234,11,11
41533,fuelbed_41533.xml,70,220.000000,3.620652,0.000000,1.094445,0.000000,0.000000,0.000000,0.000000,0.000000,0.750000,0.000000,90.000000,0.000000,0.050000,0.000000,70.000000,0.000000,0.080000,0.500000,0.210000,0.500000,0.750000,0.750000,0.000000,0.000000,0.000000,0.000000,0.000000,0.000000,0.900000,1.950000,0.000000,0.000000,0.000000,0.000000,0.000000,0.000000,0.000000,0.000000,0.000000,0.300000,1.000000,0.000000,0.000000,0.000000,11.255098,11,11
41534,fuelbed_41534.xml,70,220.000000,3.609512,0.000000,1.633500,0.000000,0.000000,0.000000,0.000000,0.000000,1.000000,0.000000,90.000000,0.000000,0.030000,0.000000,70.000000,0.000000,0.110000,0.600000,0.280000,0.750000,1.000000,1.000000,0.000000,0.000000,0.000000,0.000000,0.000000,0.000000,1.000000,2.150000,0.000000,0.000000,0.000000,0.000000,0.000000,0.000000,0.000000,0.000000,0.000000,0.500000,2.000000,0.000000,0.000000,0.000000,14.163013,11,11
41541,fuelbed_41541.xml,70,220.000000,0.152112,0.000000,0.000000,0.000000,0.000000,0.000000,0.000000,0.000000,2.000000,0.000000,90.000000,0.000000,0.050000,0.000000,70.000000,0.000000,0.040000,0.150000,0.210000,0.300000,0.000000,0.000000,0.000000,0.000000,0.000000,0.000000,0.000000,0.000000,0.200000,0.050000,0.000000,0.000000,0.000000,0.000000,0.000000,0.000000,0.000000,0.000000,0.000000,0.000000,0.000000,0.000000,0.000000,0.000000,2.952111,11,11
41542,fuelbed_41542.xml,70,220.000000,0.846806,0.000000,0.000000,0.000000,0.000000,0.000000,0.000000,0.000000,1.500000,0.000000,90.000000,0.000000,0.030000,0.000000,70.000000,0.000000,0.070000,0.150000,0.210000,0.750000,0.380000,0.380000,0.000000,0.000000,0.000000,0.000000,0.000000,0.000000,0.400000,0.100000,0.000000,0.000000,0.000000,0.000000,0.000000,0.000000,0.000000,0.000000,0.000000,0.100000,0.500000,0.000000,0.000000,0.000000,4.916806,11,11
41543,fuelbed_41543.xml,70,220.000000,2.705076,0.000000,0.912669,0.000000,0.000000,0.000000,0.000000,0.000000,1.500000,0.000000,90.000000,0.000000,0.010000,0.000000,70.000000,0.000000,0.110000,0.300000,0.420000,1.000000,0.750000,0.750000,0.000000,0.000000,0.000000,0.000000,0.000000,0.000000,0.600000,0.200000,0.000000,0.000000,0.000000,0.000000,0.000000,0.000000,0.000000,0.000000,0.000000,0.800000,2.500000,0.000000,0.000000,0.000000,11.157745,11,11
41544,fuelbed_41544.xml,70,220.000000,4.092898,0.000000,1.926746,0.000000,0.000000,0.000000,0.000000,0.000000,2.500000,0.000000,90.000000,0.000000,0.010000,0.000000,70.000000,0.000000,0.140000,0.500000,0.750000,1.500000,1.250000,1.250000,0.000000,0.000000,0.000000,0.000000,0.000000,0.000000,0.800000,0.500000,0.000000,0.000000,0.000000,0.000000,0.000000,0.000000,0.000000,0.000000,0.000000,1.500000,5.000000,0.000000,0.000000,0.000000,19.419645,11,11
42141,fuelbed_42141.xml,75,230.000000,0.152112,0.000000,0.000000,0.000000,0.000000,0.000000,0.000000,0.000000,1.500000,0.000000,90.000000,0.000000,0.500000,0.000000,70.000000,0.000000,0.600000,0.150000,0.210000,0.200000,0.000000,0.000000,0.000000,0.000000,0.000000,0.000000,0.000000,0.000000,0.200000,0.500000,0.000000,0.000000,0.000000,0.000000,0.000000,0.000000,0.000000,0.000000,0.000000,0.000000,0.000000,0.000000,0.000000,0.000000,3.812112,11,11
42142,fuelbed_42142.xml,75,230.000000,0.912669,0.000000,0.000000,0.000000,0.000000,0.000000,0.000000,0.000000,2.000000,0.000000,90.000000,0.000000,0.300000,0.000000,70.000000,0.000000,0.600000,0.150000,0.210000,0.500000,0.380000,0.380000,0.000000,0.000000,0.000000,0.000000,0.000000,0.000000,0.400000,2.500000,0.000000,0.000000,0.000000,0.000000,0.000000,0.000000,0.000000,0.000000,0.000000,0.100000,0.500000,0.000000,0.000000,0.000000,8.432670,11,11
42143,fuelbed_42143.xml,75,230.000000,2.705076,0.000000,0.912669,0.000000,0.000000,0.000000,0.000000,0.000000,3.000000,0.000000,90.000000,0.000000,0.100000,0.000000,70.000000,0.000000,0.700000,0.300000,0.420000,0.750000,0.750000,0.750000,0.000000,0.000000,0.000000,0.000000,0.000000,0.000000,0.600000,2.500000,0.000000,0.000000,0.000000,0.000000,0.000000,0.000000,0.000000,0.000000,0.000000,0.800000,2.500000,0.000000,0.000000,0.000000,15.387746,11,11
42144,fuelbed_42144.xml,75,230.000000,4.092898,0.000000,1.926746,0.000000,0.000000,0.000000,0.000000,0.000000,3.000000,0.000000,90.000000,0.000000,0.100000,0.000000,70.000000,0.000000,0.700000,0.500000,0.750000,1.000000,1.250000,1.250000,0.000000,0.000000,0.000000,0.000000,0.000000,0.000000,0.800000,5.000000,0.000000,0.000000,0.000000,0.000000,0.000000,0.000000,0.000000,0.000000,0.000000,1.500000,5.000000,0.000000,0.000000,0.000000,24.569645,11,11
42145,fuelbed_42145.xml,75,230.000000,6.917937,0.000000,2.535192,0.000000,0.000000,0.000000,0.000000,0.000000,2.000000,0.000000,90.000000,0.000000,0.100000,0.000000,70.000000,0.000000,0.800000,0.700000,1.000000,1.250000,1.750000,1.750000,0.000000,0.000000,0.000000,0.000000,0.000000,0.000000,0.900000,5.000000,0.000000,0.000000,0.000000,0.000000,0.000000,0.000000,0.000000,0.000000,0.000000,1.600000,5.500000,0.000000,0.000000,0.000000,29.303131,11,11
42146,fuelbed_42146.xml,75,230.000000,6.917937,0.000000,2.535192,0.000000,0.000000,0.000000,0.000000,0.000000,2.000000,0.000000,90.000000,0.000000,0.100000,0.000000,70.000000,0.000000,0.800000,0.700000,1.000000,1.500000,1.750000,1.750000,0.000000,0.000000,0.000000,0.000000,0.000000,0.000000,0.900000,5.000000,0.000000,0.000000,0.000000,0.000000,0.000000,0.000000,0.000000,0.000000,0.000000,1.600000,5.500000,0.000000,0.000000,0.000000,29.553131,11,11
43141,fuelbed_43141.xml,75,230.000000,0.196020,0.000000,0.000000,0.000000,0.000000,0.000000,0.000000,0.000000,0.650000,0.000000,90.000000,0.000000,0.050000,0.000000,70.000000,0.000000,0.040000,0.250000,0.150000,0.200000,0.000000,0.000000,0.000000,0.000000,0.000000,0.000000,0.000000,0.000000,0.200000,0.050000,0.000000,0.000000,0.000000,0.000000,0.000000,0.000000,0.000000,0.000000,0.000000,0.000000,0.000000,0.000000,0.000000,0.000000,1.586020,11,11
43142,fuelbed_43142.xml,75,230.000000,1.176120,0.000000,0.000000,0.000000,0.000000,0.000000,0.000000,0.000000,1.250000,0.000000,90.000000,0.000000,0.030000,0.000000,70.000000,0.000000,0.070000,0.350000,0.200000,0.500000,0.250000,0.250000,0.000000,0.000000,0.000000,0.000000,0.000000,0.000000,0.400000,0.100000,0.000000,0.000000,0.000000,0.000000,0.000000,0.000000,0.000000,0.000000,0.000000,0.000000,0.000000,0.000000,0.000000,0.000000,4.176120,11,11
43143,fuelbed_43143.xml,75,230.000000,3.005640,0.000000,0.326700,0.000000,0.000000,0.000000,0.000000,0.000000,3.000000,0.000000,90.000000,0.000000,0.010000,0.000000,70.000000,0.000000,0.100000,0.500000,0.250000,0.750000,0.380000,0.380000,0.000000,0.000000,0.000000,0.000000,0.000000,0.000000,0.600000,0.200000,0.000000,0.000000,0.000000,0.000000,0.000000,0.000000,0.000000,0.000000,0.000000,0.100000,0.500000,0.000000,0.000000,0.000000,9.402339,11,11
43144,fuelbed_43144.xml,75,230.000000,4.737150,0.000000,0.931095,0.000000,0.000000,0.000000,0.000000,0.000000,3.000000,0.000000,90.000000,0.000000,0.010000,0.000000,70.000000,0.000000,0.140000,0.600000,0.330000,1.000000,0.630000,0.630000,0.000000,0.000000,0.000000,0.000000,0.000000,0.000000,0.800000,0.500000,0.000000,0.000000,0.000000,0.000000,0.000000,0.000000,0.000000,0.000000,0.000000,0.200000,0.800000,0.000000,0.000000,0.000000,13.308245,11,11
43145,fuelbed_43145.xml,75,230.000000,6.782291,0.000000,1.225125,0.000000,0.000000,0.000000,0.000000,0.000000,2.000000,0.000000,90.000000,0.000000,0.000000,0.000000,70.000000,0.000000,0.170000,0.750000,0.370000,1.250000,1.000000,1.000000,0.000000,0.000000,0.000000,0.000000,0.000000,0.000000,0.900000,0.700000,0.000000,0.000000,0.000000,0.000000,0.000000,0.000000,0.000000,0.000000,0.000000,0.300000,1.000000,0.000000,0.000000,0.000000,16.247417,11,11
43146,fuelbed_43146.xml,75,230.000000,6.782291,0.000000,1.225125,0.000000,0.000000,0.000000,0.000000,0.000000,2.000000,0.000000,90.000000,0.000000,0.000000,0.000000,70.000000,0.000000,0.210000,1.000000,0.430000,1.500000,1.000000,1.000000,0.000000,0.000000,0.000000,0.000000,0.000000,0.000000,0.900000,0.750000,0.000000,0.000000,0.000000,0.000000,0.000000,0.000000,0.000000,0.000000,0.000000,0.300000,1.000000,0.000000,0.000000,0.000000,16.897417,11,11
44141,fuelbed_44141.xml,65,230.000000,0.190384,0.000000,0.000000,0.000000,0.000000,0.000000,0.000000,0.000000,0.650000,0.000000,90.000000,0.000000,0.700000,0.000000,70.000000,0.000000,0.600000,0.400000,0.200000,0.500000,0.250000,0.250000,0.000000,0.000000,0.000000,0.000000,0.000000,0.000000,0.200000,0.050000,0.000000,0.000000,0.000000,0.000000,0.000000,0.000000,0.000000,0.000000,0.000000,0.000000,0.000000,0.000000,0.000000,0.000000,3.790385,11,11
44142,fuelbed_44142.xml,65,230.000000,1.776921,0.000000,0.549999,0.000000,0.000000,0.000000,0.000000,0.000000,1.250000,0.000000,90.000000,0.000000,0.200000,0.000000,70.000000,0.000000,0.600000,0.400000,0.200000,1.500000,0.250000,0.250000,0.000000,0.000000,0.000000,0.000000,0.000000,0.000000,0.400000,0.100000,0.000000,0.000000,0.000000,0.000000,0.000000,0.000000,0.000000,0.000000,0.000000,0.200000,0.500000,0.000000,0.000000,0.000000,7.576921,11,11
44143,fuelbed_44143.xml,65,230.000000,5.478841,0.000000,1.099999,0.000000,0.000000,0.000000,0.000000,0.000000,1.000000,0.000000,90.000000,0.000000,0.100000,0.000000,70.000000,0.000000,0.700000,0.400000,0.200000,1.750000,0.250000,0.250000,0.000000,0.000000,0.000000,0.000000,0.000000,0.000000,0.600000,0.200000,0.000000,0.000000,0.000000,0.000000,0.000000,0.000000,0.000000,0.000000,0.000000,0.800000,2.500000,0.000000,0.000000,0.000000,13.928841,11,11
44144,fuelbed_44144.xml,65,230.000000,7.932685,0.000000,1.438460,0.000000,0.000000,0.000000,0.000000,0.000000,0.600000,0.000000,90.000000,0.000000,0.100000,0.000000,70.000000,0.000000,0.700000,0.400000,0.200000,2.000000,0.250000,0.250000,0.000000,0.000000,0.000000,0.000000,0.000000,0.000000,0.800000,0.500000,0.000000,0.000000,0.000000,0.000000,0.000000,0.000000,0.000000,0.000000,0.000000,0.800000,2.500000,0.000000,0.000000,0.000000,16.871145,11,11
44145,fuelbed_44145.xml,65,230.000000,6.346148,0.000000,2.157690,0.000000,0.000000,0.000000,0.000000,0.000000,0.000000,0.000000,0.000000,0.000000,0.000000,0.000000,0.000000,0.000000,0.800000,0.400000,0.200000,0.500000,0.250000,0.250000,0.000000,0.000000,0.000000,0.000000,0.000000,0.000000,2.000000,3.500000,0.000000,0.000000,0.000000,0.000000,0.000000,0.000000,0.000000,0.000000,0.000000,0.800000,2.500000,0.000000,0.000000,0.000000,16.903839,11,11
44146,fuelbed_44146.xml,65,230.000000,7.932685,2.855767,2.697113,0.000000,0.000000,0.000000,0.000000,0.000000,0.000000,0.000000,0.000000,0.000000,0.000000,0.000000,0.000000,0.000000,0.800000,0.400000,0.200000,0.500000,0.250000,0.250000,0.000000,0.000000,0.000000,0.000000,0.000000,0.000000,3.500000,4.500000,0.000000,0.000000,0.000000,0.000000,0.000000,0.000000,0.000000,0.000000,0.000000,0.800000,2.500000,0.000000,0.000000,0.000000,22.885563,11,11
44541,fuelbed_44541.xml,65,230.000000,0.190384,0.000000,0.000000,0.000000,0.000000,0.000000,0.000000,0.000000,1.500000,0.000000,90.000000,0.000000,0.050000,0.000000,70.000000,0.000000,0.040000,0.400000,0.200000,0.300000,0.250000,0.250000,0.000000,0.000000,0.000000,0.000000,0.000000,0.000000,0.200000,0.050000,0.000000,0.000000,0.000000,0.000000,0.000000,0.000000,0.000000,0.000000,0.000000,0.000000,0.000000,0.000000,0.000000,0.000000,3.230384,11,11
44542,fuelbed_44542.xml,65,230.000000,1.776921,0.000000,0.549999,0.000000,0.000000,0.000000,0.000000,0.000000,2.500000,0.000000,90.000000,0.000000,0.030000,0.000000,70.000000,0.000000,0.070000,0.400000,0.200000,0.750000,0.250000,0.250000,0.000000,0.000000,0.000000,0.000000,0.000000,0.000000,0.400000,0.100000,0.000000,0.000000,0.000000,0.000000,0.000000,0.000000,0.000000,0.000000,0.000000,0.200000,0.500000,0.000000,0.000000,0.000000,7.376920,11,11
44543,fuelbed_44543.xml,65,230.000000,5.478841,0.000000,1.099999,0.000000,0.000000,0.000000,0.000000,0.000000,2.000000,0.000000,90.000000,0.000000,0.010000,0.000000,70.000000,0.000000,0.110000,0.400000,0.200000,1.000000,0.250000,0.250000,0.000000,0.000000,0.000000,0.000000,0.000000,0.000000,0.600000,0.200000,0.000000,0.000000,0.000000,0.000000,0.000000,0.000000,0.000000,0.000000,0.000000,0.800000,2.500000,0.000000,0.000000,0.000000,13.498840,11,11
44544,fuelbed_44544.xml,65,230.000000,7.932685,0.000000,1.438460,0.000000,0.000000,0.000000,0.000000,0.000000,1.500000,0.000000,90.000000,0.000000,0.010000,0.000000,70.000000,0.000000,0.140000,0.400000,0.200000,1.500000,0.250000,0.250000,0.000000,0.000000,0.000000,0.000000,0.000000,0.000000,0.800000,0.500000,0.000000,0.000000,0.000000,0.000000,0.000000,0.000000,0.000000,0.000000,0.000000,0.800000,2.500000,0.000000,0.000000,0.000000,16.621145,11,11
57900,fuelbed_57900.xml,1,250.000000,0.000000,0.000000,0.000000,0.000000,0.000000,0.000000,0.000000,0.000000,0.010000,0.000000,25.000000,0.000000,0.500000,0.000000,10.000000,0.000000,0.000000,0.000000,0.000000,0.000000,0.000000,0.000000,0.000000,0.000000,0.000000,0.000000,0.000000,0.000000,0.100000,0.170000,0.000000,0.000000,0.000000,0.000000,0.000000,0.000000,0.000000,0.000000,0.000000,0.000000,0.000000,0.000000,0.000000,0.000000,0.680000,13,13
